ISO-10303-21;
HEADER;
FILE_DESCRIPTION (( 'STEP AP214' ),
    '1' );
FILE_NAME ('back_support_camera_mount-V2.STEP',
    '2025-04-29T15:09:27',
    ( '' ),
    ( '' ),
    'SwSTEP 2.0',
    'SolidWorks 2025',
    '' );
FILE_SCHEMA (( 'AUTOMOTIVE_DESIGN' ));
ENDSEC;

DATA;
#1 = AXIS2_PLACEMENT_3D ( 'NONE', #499, #2502, #851 ) ;
#2 = CARTESIAN_POINT ( 'NONE',  ( -118.8236739108606770, 7.065909645806489614, -58.15437089450526287 ) ) ;
#3 = DIRECTION ( 'NONE',  ( -1.302916513955365949E-16, 1.000000000000000000, -0.000000000000000000 ) ) ;
#4 = ORIENTED_EDGE ( 'NONE', *, *, #318, .T. ) ;
#5 = DIRECTION ( 'NONE',  ( -7.106757310125201520E-17, 0.6018150231520522642, 0.7986355100472898316 ) ) ;
#6 = PLANE ( 'NONE',  #246 ) ;
#7 = FACE_OUTER_BOUND ( 'NONE', #2250, .T. ) ;
#8 = CARTESIAN_POINT ( 'NONE',  ( 115.3670646952971026, 6.132161647986908548, -59.73425858145809286 ) ) ;
#9 = CARTESIAN_POINT ( 'NONE',  ( -116.9462619565838821, 10.07067404130687827, -56.57586605111812617 ) ) ;
#10 = EDGE_LOOP ( 'NONE', ( #1200, #479, #1516, #1970 ) ) ;
#11 = CARTESIAN_POINT ( 'NONE',  ( -16.49999999999999289, -44.68999999999996930, 22.69561584556659994 ) ) ;
#12 = VERTEX_POINT ( 'NONE', #265 ) ;
#13 = ORIENTED_EDGE ( 'NONE', *, *, #2483, .T. ) ;
#14 = ADVANCED_FACE ( 'NONE', ( #2337 ), #656, .T. ) ;
#15 = DIRECTION ( 'NONE',  ( -1.000000000000000000, -1.284980352575412946E-16, 1.500301384628591852E-16 ) ) ;
#16 = ORIENTED_EDGE ( 'NONE', *, *, #1439, .F. ) ;
#17 = CARTESIAN_POINT ( 'NONE',  ( 10.00000000000000711, -39.59726653778552219, 34.85423187313923421 ) ) ;
#18 = FACE_OUTER_BOUND ( 'NONE', #1895, .T. ) ;
#19 = CARTESIAN_POINT ( 'NONE',  ( 113.5022296587331283, 5.703868151130737196, -59.99999999999521805 ) ) ;
#20 = VERTEX_POINT ( 'NONE', #1504 ) ;
#21 = CARTESIAN_POINT ( 'NONE',  ( 116.8767401921628988, 10.02187787048169909, -56.70711828425771017 ) ) ;
#22 = EDGE_CURVE ( 'NONE', #2004, #2268, #1648, .T. ) ;
#23 = ORIENTED_EDGE ( 'NONE', *, *, #596, .F. ) ;
#24 = VERTEX_POINT ( 'NONE', #2476 ) ;
#25 = DIRECTION ( 'NONE',  ( 1.000000000000000000, 0.000000000000000000, 0.000000000000000000 ) ) ;
#26 = DIRECTION ( 'NONE',  ( 1.000000000000000000, 0.000000000000000000, 0.000000000000000000 ) ) ;
#27 = ORIENTED_EDGE ( 'NONE', *, *, #718, .F. ) ;
#28 = DIRECTION ( 'NONE',  ( -0.000000000000000000, -0.000000000000000000, 1.000000000000000000 ) ) ;
#29 = DIRECTION ( 'NONE',  ( 0.000000000000000000, 0.000000000000000000, 1.000000000000000000 ) ) ;
#30 = CIRCLE ( 'NONE', #1426, 2.499999999999998668 ) ;
#31 = EDGE_CURVE ( 'NONE', #1292, #1189, #1438, .T. ) ;
#32 = AXIS2_PLACEMENT_3D ( 'NONE', #2470, #1825, #2458 ) ;
#33 = CIRCLE ( 'NONE', #367, 5.000000000000000000 ) ;
#34 = ORIENTED_EDGE ( 'NONE', *, *, #1518, .T. ) ;
#35 = AXIS2_PLACEMENT_3D ( 'NONE', #2022, #546, #2590 ) ;
#36 = CARTESIAN_POINT ( 'NONE',  ( 116.3401688942306720, 9.579922118033900702, -57.62207461533347441 ) ) ;
#37 = CIRCLE ( 'NONE', #1513, 1.999999999999999334 ) ;
#38 = AXIS2_PLACEMENT_3D ( 'NONE', #2468, #1077, #854 ) ;
#39 = CYLINDRICAL_SURFACE ( 'NONE', #2332, 10.00000000000003730 ) ;
#40 = ORIENTED_EDGE ( 'NONE', *, *, #1620, .T. ) ;
#41 = EDGE_CURVE ( 'NONE', #409, #2514, #256, .T. ) ;
#42 = EDGE_LOOP ( 'NONE', ( #1459, #1621 ) ) ;
#43 = CYLINDRICAL_SURFACE ( 'NONE', #781, 15.00000000000000000 ) ;
#44 = CARTESIAN_POINT ( 'NONE',  ( 91.70685139624985993, 5.310000000000036913, -4.999999999999976019 ) ) ;
#45 = CYLINDRICAL_SURFACE ( 'NONE', #2328, 15.00000000000000000 ) ;
#46 = ORIENTED_EDGE ( 'NONE', *, *, #1886, .F. ) ;
#47 = DIRECTION ( 'NONE',  ( 1.000000000000000000, 0.000000000000000000, 0.000000000000000000 ) ) ;
#48 = DIRECTION ( 'NONE',  ( 0.000000000000000000, 0.000000000000000000, 1.000000000000000000 ) ) ;
#49 = EDGE_CURVE ( 'NONE', #1316, #1862, #2301, .T. ) ;
#50 = EDGE_LOOP ( 'NONE', ( #58, #2263, #872, #1414 ) ) ;
#51 = DIRECTION ( 'NONE',  ( -0.000000000000000000, 0.000000000000000000, 1.000000000000000000 ) ) ;
#52 = ORIENTED_EDGE ( 'NONE', *, *, #2081, .T. ) ;
#53 = DIRECTION ( 'NONE',  ( 1.000000000000000000, 0.000000000000000000, -0.000000000000000000 ) ) ;
#54 = DIRECTION ( 'NONE',  ( 1.284980352575412946E-16, -1.000000000000000000, -0.000000000000000000 ) ) ;
#55 = CARTESIAN_POINT ( 'NONE',  ( 106.7068513962499878, -49.68999999999995509, -25.00000000000008527 ) ) ;
#56 = DIRECTION ( 'NONE',  ( 1.156482317317871232E-16, -0.7986355100472898316, 0.6018150231520523752 ) ) ;
#57 = FACE_OUTER_BOUND ( 'NONE', #1777, .T. ) ;
#58 = ORIENTED_EDGE ( 'NONE', *, *, #788, .F. ) ;
#59 = DIRECTION ( 'NONE',  ( -1.302916513955365949E-16, 1.000000000000000000, -0.000000000000000000 ) ) ;
#60 = CARTESIAN_POINT ( 'NONE',  ( -116.3817692958626964, 9.620385915338232508, -57.55882036067121277 ) ) ;
#61 = DIRECTION ( 'NONE',  ( -1.000000000000000000, 0.000000000000000000, 0.000000000000000000 ) ) ;
#62 = DIRECTION ( 'NONE',  ( 1.000000000000000000, -0.000000000000000000, -0.000000000000000000 ) ) ;
#63 = ORIENTED_EDGE ( 'NONE', *, *, #2184, .T. ) ;
#64 = LINE ( 'NONE', #1085, #139 ) ;
#65 = DIRECTION ( 'NONE',  ( -1.302916513955365949E-16, 1.000000000000000000, -0.000000000000000000 ) ) ;
#66 = VERTEX_POINT ( 'NONE', #2071 ) ;
#67 = CARTESIAN_POINT ( 'NONE',  ( 112.9999999999999716, -5.309999999999980957, -49.99999999999996447 ) ) ;
#68 = CARTESIAN_POINT ( 'NONE',  ( 91.70685139624983151, -5.309999999999980957, -4.999999999999974243 ) ) ;
#69 = ADVANCED_FACE ( 'NONE', ( #1304 ), #2299, .T. ) ;
#70 = CARTESIAN_POINT ( 'NONE',  ( -113.0000000000000142, 10.31000000000000938, -55.00000000000000000 ) ) ;
#71 = DIRECTION ( 'NONE',  ( 7.106757310125201520E-17, -0.6018150231520522642, -0.7986355100472898316 ) ) ;
#72 = ORIENTED_EDGE ( 'NONE', *, *, #2431, .T. ) ;
#73 = CARTESIAN_POINT ( 'NONE',  ( 111.7068513962499736, 10.31000000000003958, -25.00000000000012434 ) ) ;
#74 = ADVANCED_FACE ( 'NONE', ( #2128 ), #1517, .T. ) ;
#75 = DIRECTION ( 'NONE',  ( -1.284980352575412946E-16, 1.000000000000000000, 0.000000000000000000 ) ) ;
#76 = ORIENTED_EDGE ( 'NONE', *, *, #1447, .F. ) ;
#77 = DIRECTION ( 'NONE',  ( -1.000000000000000000, 0.000000000000000000, 0.000000000000000000 ) ) ;
#78 = AXIS2_PLACEMENT_3D ( 'NONE', #907, #1719, #2564 ) ;
#79 = ORIENTED_EDGE ( 'NONE', *, *, #695, .T. ) ;
#80 = DIRECTION ( 'NONE',  ( -1.000000000000000000, -1.302916513955365949E-16, 0.000000000000000000 ) ) ;
#81 = VECTOR ( 'NONE', #1539, 1000.000000000000000 ) ;
#82 = CARTESIAN_POINT ( 'NONE',  ( 10.00000000000000711, -36.49545795981080687, 35.64719060195334777 ) ) ;
#83 = VECTOR ( 'NONE', #242, 1000.000000000000000 ) ;
#84 = ADVANCED_FACE ( 'NONE', ( #704 ), #1280, .T. ) ;
#85 = DIRECTION ( 'NONE',  ( 0.000000000000000000, 0.000000000000000000, 1.000000000000000000 ) ) ;
#86 = VECTOR ( 'NONE', #56, 1000.000000000000114 ) ;
#87 = ORIENTED_EDGE ( 'NONE', *, *, #894, .T. ) ;
#88 = EDGE_CURVE ( 'NONE', #735, #1739, #1702, .T. ) ;
#89 = DIRECTION ( 'NONE',  ( -1.302916513955365949E-16, 1.000000000000000000, -0.000000000000000000 ) ) ;
#90 = FACE_OUTER_BOUND ( 'NONE', #1066, .T. ) ;
#91 = VECTOR ( 'NONE', #551, 1000.000000000000000 ) ;
#92 = DIRECTION ( 'NONE',  ( 0.000000000000000000, 0.000000000000000000, 1.000000000000000000 ) ) ;
#93 = ORIENTED_EDGE ( 'NONE', *, *, #650, .F. ) ;
#94 = CARTESIAN_POINT ( 'NONE',  ( -113.2931486037500264, 5.310000000000010267, -25.00000000000004974 ) ) ;
#95 = CARTESIAN_POINT ( 'NONE',  ( 0.000000000000000000, 0.000000000000000000, 0.000000000000000000 ) ) ;
#96 = ORIENTED_EDGE ( 'NONE', *, *, #1318, .F. ) ;
#97 = ADVANCED_FACE ( 'NONE', ( #900 ), #103, .F. ) ;
#98 = AXIS2_PLACEMENT_3D ( 'NONE', #592, #1238, #1398 ) ;
#99 = LINE ( 'NONE', #1531, #2402 ) ;
#100 = DIRECTION ( 'NONE',  ( 1.000000000000000000, 1.302916513955365949E-16, -1.218994875010730849E-16 ) ) ;
#101 = CARTESIAN_POINT ( 'NONE',  ( -93.29314860375002638, 5.310000000000016485, -24.99999999999995381 ) ) ;
#102 = ORIENTED_EDGE ( 'NONE', *, *, #22, .T. ) ;
#103 = CYLINDRICAL_SURFACE ( 'NONE', #1180, 3.250000000000005329 ) ;
#104 = ADVANCED_FACE ( 'NONE', ( #465 ), #1266, .F. ) ;
#105 = FACE_OUTER_BOUND ( 'NONE', #1325, .T. ) ;
#106 = EDGE_CURVE ( 'NONE', #1307, #2273, #694, .T. ) ;
#107 = ORIENTED_EDGE ( 'NONE', *, *, #973, .F. ) ;
#108 = DIRECTION ( 'NONE',  ( 0.000000000000000000, 0.000000000000000000, 1.000000000000000000 ) ) ;
#109 = FACE_OUTER_BOUND ( 'NONE', #2475, .T. ) ;
#110 = LINE ( 'NONE', #2553, #1497 ) ;
#111 = EDGE_CURVE ( 'NONE', #464, #1033, #925, .T. ) ;
#112 = ADVANCED_BREP_SHAPE_REPRESENTATION ( 'back_support_camera_mount-V2', ( #1870, #1342 ), #2253 ) ;
#113 = ORIENTED_EDGE ( 'NONE', *, *, #328, .T. ) ;
#114 = LINE ( 'NONE', #1778, #1484 ) ;
#115 = CIRCLE ( 'NONE', #1584, 1.999999999999999334 ) ;
#116 = UNCERTAINTY_MEASURE_WITH_UNIT (LENGTH_MEASURE( 1.000000000000000082E-05 ), #1136, 'distance_accuracy_value', 'NONE');
#117 = AXIS2_PLACEMENT_3D ( 'NONE', #512, #1941, #2543 ) ;
#118 = ORIENTED_EDGE ( 'NONE', *, *, #1710, .T. ) ;
#119 = AXIS2_PLACEMENT_3D ( 'NONE', #2545, #771, #2579 ) ;
#120 = VECTOR ( 'NONE', #2255, 1000.000000000000000 ) ;
#121 = AXIS2_PLACEMENT_3D ( 'NONE', #480, #1287, #1706 ) ;
#122 = FACE_OUTER_BOUND ( 'NONE', #286, .T. ) ;
#123 = ORIENTED_EDGE ( 'NONE', *, *, #886, .T. ) ;
#124 = CYLINDRICAL_SURFACE ( 'NONE', #493, 2.000000000000002220 ) ;
#125 = LINE ( 'NONE', #926, #1125 ) ;
#126 = AXIS2_PLACEMENT_3D ( 'NONE', #325, #915, #535 ) ;
#127 = ORIENTED_EDGE ( 'NONE', *, *, #1861, .T. ) ;
#128 = CARTESIAN_POINT ( 'NONE',  ( 115.9000000000000057, 3.810000000000040465, 10.00000000000000000 ) ) ;
#129 = ORIENTED_EDGE ( 'NONE', *, *, #955, .T. ) ;
#130 = DIRECTION ( 'NONE',  ( -0.000000000000000000, -1.000000000000000000, -0.000000000000000000 ) ) ;
#131 = ORIENTED_EDGE ( 'NONE', *, *, #2123, .T. ) ;
#132 = CARTESIAN_POINT ( 'NONE',  ( -119.8273999999999972, 7.137400000000011957, -50.00000000000001421 ) ) ;
#133 = EDGE_CURVE ( 'NONE', #892, #2599, #1713, .T. ) ;
#134 = DIRECTION ( 'NONE',  ( -1.284980352575412946E-16, 1.000000000000000000, 0.000000000000000000 ) ) ;
#135 = CARTESIAN_POINT ( 'NONE',  ( -113.0000000000000142, -5.310000000000007603, -60.00000000000000000 ) ) ;
#136 = LINE ( 'NONE', #1548, #2073 ) ;
#137 = ORIENTED_EDGE ( 'NONE', *, *, #1102, .T. ) ;
#138 = FACE_OUTER_BOUND ( 'NONE', #1157, .T. ) ;
#139 = VECTOR ( 'NONE', #860, 1000.000000000000000 ) ;
#140 = VERTEX_POINT ( 'NONE', #714 ) ;
#141 = EDGE_CURVE ( 'NONE', #177, #1770, #2147, .T. ) ;
#142 = DIRECTION ( 'NONE',  ( -5.675708749154146716E-17, 0.000000000000000000, 1.000000000000000000 ) ) ;
#143 = CARTESIAN_POINT ( 'NONE',  ( -93.29314860375002638, 5.310000000000016485, -34.99999999999995026 ) ) ;
#144 = EDGE_LOOP ( 'NONE', ( #215, #1122, #1239, #768, #996, #1879 ) ) ;
#145 = CARTESIAN_POINT ( 'NONE',  ( 91.70685139624985993, 5.310000000000036913, -9.999999999999975131 ) ) ;
#146 =( NAMED_UNIT ( * ) SI_UNIT ( $, .STERADIAN. ) SOLID_ANGLE_UNIT ( ) );
#147 = ADVANCED_FACE ( 'NONE', ( #138 ), #524, .T. ) ;
#148 = CARTESIAN_POINT ( 'NONE',  ( 123.0000000000000000, -5.309999999999979181, 20.00000000000000000 ) ) ;
#149 = DIRECTION ( 'NONE',  ( -1.302916513955366196E-16, 1.000000000000000000, -0.000000000000000000 ) ) ;
#150 = ORIENTED_EDGE ( 'NONE', *, *, #619, .T. ) ;
#151 = CARTESIAN_POINT ( 'NONE',  ( 112.9000000000000057, 3.810000000000040021, 10.00000000000000000 ) ) ;
#152 = EDGE_LOOP ( 'NONE', ( #899, #1578, #1530, #2209 ) ) ;
#153 = AXIS2_PLACEMENT_3D ( 'NONE', #2508, #711, #1320 ) ;
#154 = EDGE_CURVE ( 'NONE', #655, #1942, #2177, .T. ) ;
#155 = DIRECTION ( 'NONE',  ( -1.000000000000000000, -8.673617379884052728E-17, 0.000000000000000000 ) ) ;
#156 = VECTOR ( 'NONE', #477, 1000.000000000000114 ) ;
#157 = CARTESIAN_POINT ( 'NONE',  ( 112.9999999999999716, -5.309999999999980957, -60.00000000000000000 ) ) ;
#158 = VERTEX_POINT ( 'NONE', #1147 ) ;
#159 = DIRECTION ( 'NONE',  ( -1.000000000000000000, -1.445602896647337931E-16, 0.000000000000000000 ) ) ;
#160 = VECTOR ( 'NONE', #2059, 1000.000000000000000 ) ;
#161 = AXIS2_PLACEMENT_3D ( 'NONE', #1448, #441, #625 ) ;
#162 = PRESENTATION_STYLE_ASSIGNMENT (( #966 ) ) ;
#163 = CARTESIAN_POINT ( 'NONE',  ( -113.8785589146707764, 6.547645889492041960, -59.85446460539326807 ) ) ;
#164 = AXIS2_PLACEMENT_3D ( 'NONE', #503, #1704, #1306 ) ;
#165 = CARTESIAN_POINT ( 'NONE',  ( -108.2931486037500122, -49.68999999999998352, -25.00000000000005684 ) ) ;
#166 = CARTESIAN_POINT ( 'NONE',  ( -115.0201361250196186, 6.892884258558090949, -59.81391102470551147 ) ) ;
#167 = ORIENTED_EDGE ( 'NONE', *, *, #2166, .T. ) ;
#168 = DIRECTION ( 'NONE',  ( -1.000000000000000000, -1.302916513955365949E-16, 0.000000000000000000 ) ) ;
#169 = ORIENTED_EDGE ( 'NONE', *, *, #1827, .F. ) ;
#170 = CARTESIAN_POINT ( 'NONE',  ( 91.70685139624997362, 5.310000000000036913, -34.99999999999997868 ) ) ;
#171 = ORIENTED_EDGE ( 'NONE', *, *, #280, .F. ) ;
#172 = DIRECTION ( 'NONE',  ( -0.000000000000000000, -0.000000000000000000, -1.000000000000000000 ) ) ;
#173 = DIRECTION ( 'NONE',  ( -7.106757310125201520E-17, 0.6018150231520522642, 0.7986355100472898316 ) ) ;
#174 = CARTESIAN_POINT ( 'NONE',  ( -115.7709448924421025, 8.987974364598388277, -58.40256221517248036 ) ) ;
#175 = DIRECTION ( 'NONE',  ( -1.302916513955366196E-16, 1.000000000000000000, -0.000000000000000000 ) ) ;
#176 = DIRECTION ( 'NONE',  ( -1.000000000000000000, -1.284980352575412946E-16, 1.218994875010730849E-16 ) ) ;
#177 = VERTEX_POINT ( 'NONE', #763 ) ;
#178 = CARTESIAN_POINT ( 'NONE',  ( 115.1625339212006622, 8.261865931233367988, -59.04832671736890148 ) ) ;
#179 = ORIENTED_EDGE ( 'NONE', *, *, #1665, .F. ) ;
#180 = EDGE_CURVE ( 'NONE', #1159, #464, #1227, .T. ) ;
#181 = AXIS2_PLACEMENT_3D ( 'NONE', #1689, #77, #92 ) ;
#182 = VERTEX_POINT ( 'NONE', #2534 ) ;
#183 = EDGE_CURVE ( 'NONE', #2570, #2164, #2211, .T. ) ;
#184 = CARTESIAN_POINT ( 'NONE',  ( 112.9000000000000057, 10.31000000000003958, 10.00000000000000000 ) ) ;
#185 = CARTESIAN_POINT ( 'NONE',  ( 111.7068513962499736, 5.310000000000044018, -25.00000000000008527 ) ) ;
#186 = CARTESIAN_POINT ( 'NONE',  ( -123.0000000000000000, -0.2099999999999511147, 13.00000000000000178 ) ) ;
#187 = ORIENTED_EDGE ( 'NONE', *, *, #1919, .F. ) ;
#188 = DIRECTION ( 'NONE',  ( 1.000000000000000000, 0.000000000000000000, 0.000000000000000000 ) ) ;
#189 = CARTESIAN_POINT ( 'NONE',  ( 91.70685139624997362, 5.310000000000036913, -24.99999999999997513 ) ) ;
#190 = CARTESIAN_POINT ( 'NONE',  ( -113.5501284181891037, 6.087235144207736148, -59.94169040094647016 ) ) ;
#191 = CARTESIAN_POINT ( 'NONE',  ( 112.9000000000000057, 3.810000000000040021, 10.00000000000000000 ) ) ;
#192 = CARTESIAN_POINT ( 'NONE',  ( -5.680897235645812793E-16, -41.31962105188001289, -1.411950651738923979 ) ) ;
#193 = VERTEX_POINT ( 'NONE', #971 ) ;
#194 = EDGE_CURVE ( 'NONE', #567, #2471, #1537, .T. ) ;
#195 = CARTESIAN_POINT ( 'NONE',  ( 112.9999999999999716, 5.310000000000022702, -60.00000000000000000 ) ) ;
#196 = ORIENTED_EDGE ( 'NONE', *, *, #1523, .F. ) ;
#197 = ORIENTED_EDGE ( 'NONE', *, *, #2443, .F. ) ;
#198 = DIRECTION ( 'NONE',  ( 0.000000000000000000, 0.000000000000000000, -1.000000000000000000 ) ) ;
#199 = CARTESIAN_POINT ( 'NONE',  ( -9.999999999999992895, -44.68999999999996930, 33.49627676286267786 ) ) ;
#200 = ORIENTED_EDGE ( 'NONE', *, *, #2361, .F. ) ;
#201 = DIRECTION ( 'NONE',  ( 1.000000000000000000, 0.000000000000000000, 0.000000000000000000 ) ) ;
#202 = VECTOR ( 'NONE', #1953, 1000.000000000000000 ) ;
#203 = CARTESIAN_POINT ( 'NONE',  ( 15.00000000000000355, -39.68999999999997641, 20.00000000000000000 ) ) ;
#204 = DIRECTION ( 'NONE',  ( 0.000000000000000000, 0.000000000000000000, 1.000000000000000000 ) ) ;
#205 = AXIS2_PLACEMENT_3D ( 'NONE', #2193, #1964, #2396 ) ;
#206 = CARTESIAN_POINT ( 'NONE',  ( 119.0800540452508613, 9.895858012483621735, -57.95594695734281032 ) ) ;
#207 = CIRCLE ( 'NONE', #2121, 3.250000000000003109 ) ;
#208 = STYLED_ITEM ( 'NONE', ( #162 ), #1870 ) ;
#209 = AXIS2_PLACEMENT_3D ( 'NONE', #44, #1853, #1468 ) ;
#210 = CARTESIAN_POINT ( 'NONE',  ( -113.0000000000000000, 5.310000000000011156, -60.00000000000000000 ) ) ;
#211 = ORIENTED_EDGE ( 'NONE', *, *, #1528, .T. ) ;
#212 = EDGE_CURVE ( 'NONE', #2525, #2540, #2557, .T. ) ;
#213 = DIRECTION ( 'NONE',  ( 0.000000000000000000, 0.000000000000000000, -1.000000000000000000 ) ) ;
#214 = ORIENTED_EDGE ( 'NONE', *, *, #2162, .F. ) ;
#215 = ORIENTED_EDGE ( 'NONE', *, *, #1827, .T. ) ;
#216 = CIRCLE ( 'NONE', #1015, 5.000000000000031974 ) ;
#217 = DIRECTION ( 'NONE',  ( -1.000000000000000000, -1.445602896647337931E-16, 0.000000000000000000 ) ) ;
#218 = ORIENTED_EDGE ( 'NONE', *, *, #1633, .F. ) ;
#219 = LINE ( 'NONE', #1246, #83 ) ;
#220 = EDGE_CURVE ( 'NONE', #1017, #655, #114, .T. ) ;
#221 = CARTESIAN_POINT ( 'NONE',  ( 115.0201361250131527, 6.892884258562906652, -59.81391102470871601 ) ) ;
#222 = EDGE_LOOP ( 'NONE', ( #1566, #1568, #764, #2190, #1868, #1947, #2235, #282, #1059 ) ) ;
#223 = CARTESIAN_POINT ( 'NONE',  ( 115.7709448924421594, 8.987974364598432686, -58.40256221517247326 ) ) ;
#224 = ORIENTED_EDGE ( 'NONE', *, *, #269, .T. ) ;
#225 = DIRECTION ( 'NONE',  ( -7.106757310125201520E-17, 0.6018150231520522642, 0.7986355100472898316 ) ) ;
#226 = DIRECTION ( 'NONE',  ( -0.7323432053197413971, 0.000000000000000000, -0.6809357015328297846 ) ) ;
#227 = VERTEX_POINT ( 'NONE', #1565 ) ;
#228 = EDGE_CURVE ( 'NONE', #1413, #745, #216, .T. ) ;
#229 = FACE_OUTER_BOUND ( 'NONE', #904, .T. ) ;
#230 = DIRECTION ( 'NONE',  ( 0.000000000000000000, 0.000000000000000000, -1.000000000000000000 ) ) ;
#231 = CARTESIAN_POINT ( 'NONE',  ( 10.00000000000000888, -58.19377849669066194, 10.17582697787239709 ) ) ;
#232 = ADVANCED_FACE ( 'NONE', ( #2189 ), #1764, .T. ) ;
#233 = CARTESIAN_POINT ( 'NONE',  ( 117.7375289431749081, 6.842119140580595449, -58.82976639345277903 ) ) ;
#234 = CARTESIAN_POINT ( 'NONE',  ( 14.99807155369126122, 10.31000000000002714, 20.00000000000000000 ) ) ;
#235 = ORIENTED_EDGE ( 'NONE', *, *, #1633, .T. ) ;
#236 = ORIENTED_EDGE ( 'NONE', *, *, #88, .T. ) ;
#237 = CARTESIAN_POINT ( 'NONE',  ( -9.999999999999992895, -37.00170113013182771, 32.89833304789506485 ) ) ;
#238 = DIRECTION ( 'NONE',  ( 1.000000000000000000, 1.302916513955365949E-16, -9.818180160368902465E-17 ) ) ;
#239 = DIRECTION ( 'NONE',  ( -7.106757310125201520E-17, 0.6018150231520522642, 0.7986355100472898316 ) ) ;
#240 = ORIENTED_EDGE ( 'NONE', *, *, #453, .F. ) ;
#241 = LINE ( 'NONE', #1814, #1172 ) ;
#242 = DIRECTION ( 'NONE',  ( -7.106757310125201520E-17, 0.6018150231520522642, 0.7986355100472898316 ) ) ;
#243 = DIRECTION ( 'NONE',  ( 1.000000000000000000, 0.000000000000000000, 0.000000000000000000 ) ) ;
#244 = CIRCLE ( 'NONE', #2116, 2.500000000000000444 ) ;
#245 = VECTOR ( 'NONE', #1794, 1000.000000000000000 ) ;
#246 = AXIS2_PLACEMENT_3D ( 'NONE', #2257, #1233, #1626 ) ;
#247 = DIRECTION ( 'NONE',  ( -1.302916513955365949E-16, 1.000000000000000000, -0.000000000000000000 ) ) ;
#248 = AXIS2_PLACEMENT_3D ( 'NONE', #1867, #609, #414 ) ;
#249 = AXIS2_PLACEMENT_3D ( 'NONE', #2348, #933, #1729 ) ;
#250 = ORIENTED_EDGE ( 'NONE', *, *, #1760, .T. ) ;
#251 = CARTESIAN_POINT ( 'NONE',  ( 106.7068513962499878, -5.309999999999980957, -25.00000000000008527 ) ) ;
#252 = CARTESIAN_POINT ( 'NONE',  ( -112.9000000000000057, 10.31000000000001116, 10.00000000000000000 ) ) ;
#253 = PLANE ( 'NONE',  #2455 ) ;
#254 = CARTESIAN_POINT ( 'NONE',  ( 119.8274111699999906, 7.137411170000041771, 0.000000000000000000 ) ) ;
#255 = ORIENTED_EDGE ( 'NONE', *, *, #861, .T. ) ;
#256 = CIRCLE ( 'NONE', #794, 3.172599999999996090 ) ;
#257 = DIRECTION ( 'NONE',  ( -1.000000000000000000, 0.000000000000000000, 0.000000000000000000 ) ) ;
#258 = CARTESIAN_POINT ( 'NONE',  ( -119.4370228772166485, 10.11606525433276182, -57.66962981100498098 ) ) ;
#259 = LINE ( 'NONE', #1036, #2203 ) ;
#260 = DIRECTION ( 'NONE',  ( -1.000000000000000000, -1.284980352575412946E-16, 0.000000000000000000 ) ) ;
#261 = ORIENTED_EDGE ( 'NONE', *, *, #1958, .T. ) ;
#262 = DIRECTION ( 'NONE',  ( 0.000000000000000000, 0.000000000000000000, 1.000000000000000000 ) ) ;
#263 = EDGE_CURVE ( 'NONE', #2226, #1576, #1171, .T. ) ;
#264 = ORIENTED_EDGE ( 'NONE', *, *, #578, .T. ) ;
#265 = CARTESIAN_POINT ( 'NONE',  ( 15.00000000000000000, -12.81000000000000938, 20.00000000000000000 ) ) ;
#266 = LINE ( 'NONE', #1076, #1051 ) ;
#267 = AXIS2_PLACEMENT_3D ( 'NONE', #1109, #885, #1700 ) ;
#268 = CYLINDRICAL_SURFACE ( 'NONE', #1433, 2.499999999999998668 ) ;
#269 = EDGE_CURVE ( 'NONE', #567, #778, #2334, .T. ) ;
#270 = CARTESIAN_POINT ( 'NONE',  ( -9.999999999999992895, -39.59726653778551508, 34.85423187313923421 ) ) ;
#271 = EDGE_LOOP ( 'NONE', ( #2387, #364, #648, #445 ) ) ;
#272 = AXIS2_PLACEMENT_3D ( 'NONE', #460, #262, #682 ) ;
#273 = CARTESIAN_POINT ( 'NONE',  ( -109.8999999999999915, 10.31000000000001116, 10.00000000000000000 ) ) ;
#274 = FACE_OUTER_BOUND ( 'NONE', #144, .T. ) ;
#275 = VERTEX_POINT ( 'NONE', #1944 ) ;
#276 = CARTESIAN_POINT ( 'NONE',  ( 123.0000000000000000, 7.137401396249993368, 0.000000000000000000 ) ) ;
#277 = EDGE_CURVE ( 'NONE', #1436, #595, #1557, .T. ) ;
#278 = EDGE_CURVE ( 'NONE', #2360, #576, #1738, .T. ) ;
#279 = B_SPLINE_CURVE_WITH_KNOTS ( 'NONE', 3,
 ( #1216, #2212, #386, #1597, #2414, #1003, #1811, #2, #797, #2427 ),
 .UNSPECIFIED., .F., .F.,
 ( 4, 2, 2, 2, 4 ),
 ( -2.004159293528669862E-05, 0.001924367280926956572, 0.003868776154789200106, 0.005813185028651443424, 0.007757593902513686308 ),
 .UNSPECIFIED. ) ;
#280 = EDGE_CURVE ( 'NONE', #383, #808, #2546, .T. ) ;
#281 = DIRECTION ( 'NONE',  ( -1.302916513955365949E-16, 1.000000000000000000, -0.000000000000000000 ) ) ;
#282 = ORIENTED_EDGE ( 'NONE', *, *, #1972, .T. ) ;
#283 = CARTESIAN_POINT ( 'NONE',  ( -119.8274111699999906, 7.137411170000010685, 20.00000000000000000 ) ) ;
#284 = CARTESIAN_POINT ( 'NONE',  ( 119.8274111699999906, 7.137411170000041771, 0.000000000000000000 ) ) ;
#285 = FACE_OUTER_BOUND ( 'NONE', #475, .T. ) ;
#286 = EDGE_LOOP ( 'NONE', ( #313, #412, #87, #755 ) ) ;
#287 =( BOUNDED_SURFACE ( )  B_SPLINE_SURFACE ( 3, 2, ( 
 ( #1012, #2206, #2025 ),
 ( #2481, #258, #471 ),
 ( #1474, #1819, #2297 ),
 ( #9, #984, #791 ),
 ( #1872, #421, #2612 ),
 ( #60, #1377, #1801 ),
 ( #1572, #969, #2421 ),
 ( #1585, #2408, #2013 ),
 ( #1396, #1617, #1410 ),
 ( #1273, #2219, #604 ),
 ( #857, #166, #378 ),
 ( #2232, #995, #408 ),
 ( #2436, #1207, #2592 ),
 ( #210, #805, #1776 ) ),
 .UNSPECIFIED., .F., .F., .T. ) 
 B_SPLINE_SURFACE_WITH_KNOTS ( ( 4, 2, 2, 2, 2, 2, 4 ),
 ( 3, 3 ),
 ( -5.204170427930421283E-18, 0.0006835684555355295029, 0.001367136911071064210, 0.002050705366606599134, 0.002734273822142133624, 0.004101410733213203472, 0.005468547644284272452 ),
 ( 0.000000000000000000, 1.000000000000000000 ),
 .UNSPECIFIED. ) 
 GEOMETRIC_REPRESENTATION_ITEM ( )  RATIONAL_B_SPLINE_SURFACE ( (
 ( 1.000000000000000000, 0.7071067811865481278, 1.000000000000000000),
 ( 1.000000000000000000, 0.7294169328113534467, 1.000000000000000000),
 ( 1.000000000000000000, 0.7511421241016084105, 1.000000000000000000),
 ( 1.000000000000000000, 0.7927105288861887589, 1.000000000000000000),
 ( 1.000000000000000000, 0.8125899446624214040, 1.000000000000000000),
 ( 1.000000000000000000, 0.8498513037126416148, 1.000000000000000000),
 ( 1.000000000000000000, 0.8669273545696246641, 1.000000000000000000),
 ( 1.000000000000000000, 0.8980378979139810314, 1.000000000000000000),
 ( 1.000000000000000000, 0.9120728542843830056, 1.000000000000000000),
 ( 1.000000000000000000, 0.9496486971332971372, 1.000000000000000000),
 ( 1.000000000000000000, 0.9686769539008861507, 1.000000000000000000),
 ( 1.000000000000000000, 0.9937287108728414253, 1.000000000000000000),
 ( 1.000000000000000000, 0.9999792490486292262, 1.000000000000000000),
 ( 1.000000000000000000, 1.000000000000000000, 1.000000000000000000) ) ) 
 REPRESENTATION_ITEM ( '' )  SURFACE ( )  );
#288 = DIRECTION ( 'NONE',  ( 1.000000000000000000, 0.000000000000000000, 0.000000000000000000 ) ) ;
#289 = CARTESIAN_POINT ( 'NONE',  ( 10.00000000000000533, -39.68999999999998352, 38.05445069456157370 ) ) ;
#290 = CARTESIAN_POINT ( 'NONE',  ( -15.00000000000000711, -10.30999999999999694, 20.00000000000000000 ) ) ;
#291 = AXIS2_PLACEMENT_3D ( 'NONE', #482, #2064, #29 ) ;
#292 = EDGE_CURVE ( 'NONE', #1770, #862, #944, .T. ) ;
#293 = ORIENTED_EDGE ( 'NONE', *, *, #686, .F. ) ;
#294 = DIRECTION ( 'NONE',  ( -0.7323432053197412861, -0.000000000000000000, 0.6809357015328300067 ) ) ;
#295 = VECTOR ( 'NONE', #2169, 1000.000000000000000 ) ;
#296 = AXIS2_PLACEMENT_3D ( 'NONE', #1245, #1656, #2062 ) ;
#297 = CIRCLE ( 'NONE', #962, 5.000000000000000000 ) ;
#298 = ORIENTED_EDGE ( 'NONE', *, *, #1225, .T. ) ;
#299 = DIRECTION ( 'NONE',  ( 0.000000000000000000, 1.000000000000000000, 0.000000000000000000 ) ) ;
#300 = DIRECTION ( 'NONE',  ( -0.000000000000000000, -0.000000000000000000, -1.000000000000000000 ) ) ;
#301 = EDGE_CURVE ( 'NONE', #2014, #2032, #1355, .T. ) ;
#302 = DIRECTION ( 'NONE',  ( -7.106757310125202753E-17, 0.6018150231520522642, 0.7986355100472898316 ) ) ;
#303 = ORIENTED_EDGE ( 'NONE', *, *, #743, .T. ) ;
#304 = CARTESIAN_POINT ( 'NONE',  ( 10.00000000000000711, -39.59726653778552219, 34.85423187313923421 ) ) ;
#305 = DIRECTION ( 'NONE',  ( -1.000000000000000000, 0.000000000000000000, 0.000000000000000000 ) ) ;
#306 = ORIENTED_EDGE ( 'NONE', *, *, #2157, .T. ) ;
#307 = AXIS2_PLACEMENT_3D ( 'NONE', #1606, #2423, #606 ) ;
#308 = EDGE_CURVE ( 'NONE', #1673, #2214, #2608, .T. ) ;
#309 = DIRECTION ( 'NONE',  ( 0.000000000000000000, 0.000000000000000000, 1.000000000000000000 ) ) ;
#310 = CARTESIAN_POINT ( 'NONE',  ( -5.680897235645812793E-16, -38.72405564422632551, -3.367849476983094448 ) ) ;
#311 = CARTESIAN_POINT ( 'NONE',  ( 91.70685139624987414, -49.68999999999995509, -9.999999999999975131 ) ) ;
#312 = EDGE_CURVE ( 'NONE', #2001, #1770, #1367, .T. ) ;
#313 = ORIENTED_EDGE ( 'NONE', *, *, #1551, .T. ) ;
#314 = PLANE ( 'NONE',  #119 ) ;
#315 = DIRECTION ( 'NONE',  ( 0.000000000000000000, 0.000000000000000000, -1.000000000000000000 ) ) ;
#316 = FACE_OUTER_BOUND ( 'NONE', #947, .T. ) ;
#317 = EDGE_LOOP ( 'NONE', ( #1526, #27, #1836, #877 ) ) ;
#318 = EDGE_CURVE ( 'NONE', #1498, #2188, #1736, .T. ) ;
#319 = DIRECTION ( 'NONE',  ( -7.106757310125201520E-17, 0.6018150231520522642, 0.7986355100472898316 ) ) ;
#320 = ORIENTED_EDGE ( 'NONE', *, *, #548, .T. ) ;
#321 = DIRECTION ( 'NONE',  ( 1.000000000000000000, 0.000000000000000000, 0.000000000000000000 ) ) ;
#322 = DIRECTION ( 'NONE',  ( 1.000000000000000000, 0.000000000000000000, 0.000000000000000000 ) ) ;
#323 = DIRECTION ( 'NONE',  ( 4.276953315129017071E-17, -1.000000000000000000, 0.000000000000000000 ) ) ;
#324 = ORIENTED_EDGE ( 'NONE', *, *, #2472, .F. ) ;
#325 = CARTESIAN_POINT ( 'NONE',  ( 111.7068513962499736, 5.310000000000038689, -25.00000000000012434 ) ) ;
#326 = AXIS2_PLACEMENT_3D ( 'NONE', #665, #869, #492 ) ;
#327 = CARTESIAN_POINT ( 'NONE',  ( 119.8274111699999906, 7.137411170000041771, 20.00000000000000000 ) ) ;
#328 = EDGE_CURVE ( 'NONE', #1486, #2188, #1110, .T. ) ;
#329 = AXIS2_PLACEMENT_3D ( 'NONE', #2306, #1105, #1718 ) ;
#330 = VECTOR ( 'NONE', #2008, 1000.000000000000227 ) ;
#331 = VERTEX_POINT ( 'NONE', #2247 ) ;
#332 = CIRCLE ( 'NONE', #2156, 3.000000000000002665 ) ;
#333 = AXIS2_PLACEMENT_3D ( 'NONE', #2265, #449, #1270 ) ;
#334 = CARTESIAN_POINT ( 'NONE',  ( -14.99999999999999645, -44.68999999999996930, 38.05445069456157370 ) ) ;
#335 = ORIENTED_EDGE ( 'NONE', *, *, #1803, .F. ) ;
#336 = CARTESIAN_POINT ( 'NONE',  ( -119.8273999999999972, 7.137400000000012845, -60.00000000000000000 ) ) ;
#337 = LINE ( 'NONE', #2197, #705 ) ;
#338 = LINE ( 'NONE', #135, #384 ) ;
#339 = LINE ( 'NONE', #1312, #1589 ) ;
#340 = EDGE_LOOP ( 'NONE', ( #988, #2394 ) ) ;
#341 = EDGE_CURVE ( 'NONE', #1862, #2597, #1187, .T. ) ;
#342 = CARTESIAN_POINT ( 'NONE',  ( 123.0000000000000000, 7.137411170000018679, 20.00000000000000000 ) ) ;
#343 = SHAPE_DEFINITION_REPRESENTATION ( #1923, #112 ) ;
#344 = EDGE_LOOP ( 'NONE', ( #643, #131, #169, #1211, #2442, #1875 ) ) ;
#345 = FACE_OUTER_BOUND ( 'NONE', #1455, .T. ) ;
#346 = ORIENTED_EDGE ( 'NONE', *, *, #1542, .T. ) ;
#347 = DIRECTION ( 'NONE',  ( 1.000000000000000000, 1.284980352575412946E-16, -1.218994875010730849E-16 ) ) ;
#348 = DIRECTION ( 'NONE',  ( -7.106757310125201520E-17, 0.6018150231520522642, 0.7986355100472898316 ) ) ;
#349 = CARTESIAN_POINT ( 'NONE',  ( -5.040783960850393155E-16, -39.26611690856990577, -4.087189070831241722 ) ) ;
#350 = CARTESIAN_POINT ( 'NONE',  ( -117.9999999999999858, -10.31000000000000938, -49.99999999999999289 ) ) ;
#351 = ORIENTED_EDGE ( 'NONE', *, *, #2528, .F. ) ;
#352 = DIRECTION ( 'NONE',  ( -1.000000000000000000, 0.000000000000000000, 0.000000000000000000 ) ) ;
#353 = EDGE_CURVE ( 'NONE', #1413, #1549, #935, .T. ) ;
#354 = ORIENTED_EDGE ( 'NONE', *, *, #2361, .T. ) ;
#355 = LINE ( 'NONE', #1577, #870 ) ;
#356 = EDGE_LOOP ( 'NONE', ( #2616, #1690, #943, #187 ) ) ;
#357 = DIRECTION ( 'NONE',  ( -1.302916513955365949E-16, 1.000000000000000000, -0.000000000000000000 ) ) ;
#358 = DIRECTION ( 'NONE',  ( -1.180887321971960062E-16, 1.000000000000000000, 0.000000000000000000 ) ) ;
#359 = CARTESIAN_POINT ( 'NONE',  ( -117.5083955996718288, 10.31000000000001293, -55.35775834895447645 ) ) ;
#360 = DIRECTION ( 'NONE',  ( 0.000000000000000000, -0.000000000000000000, -1.000000000000000000 ) ) ;
#361 = ORIENTED_EDGE ( 'NONE', *, *, #2499, .F. ) ;
#362 = CARTESIAN_POINT ( 'NONE',  ( 119.8274111699999764, 10.31000000000004135, 20.00000000000000000 ) ) ;
#363 = DIRECTION ( 'NONE',  ( 0.000000000000000000, 0.000000000000000000, 1.000000000000000000 ) ) ;
#364 = ORIENTED_EDGE ( 'NONE', *, *, #1695, .F. ) ;
#365 = AXIS2_PLACEMENT_3D ( 'NONE', #132, #557, #321 ) ;
#366 = AXIS2_PLACEMENT_3D ( 'NONE', #756, #1329, #2386 ) ;
#367 = AXIS2_PLACEMENT_3D ( 'NONE', #68, #2489, #864 ) ;
#368 = VECTOR ( 'NONE', #2379, 1000.000000000000000 ) ;
#369 = CYLINDRICAL_SURFACE ( 'NONE', #1761, 3.000000000000002665 ) ;
#370 = EDGE_LOOP ( 'NONE', ( #261, #2278, #1218, #1208 ) ) ;
#371 = CARTESIAN_POINT ( 'NONE',  ( -14.99999999999999645, -44.68999999999996930, 38.05445069456157370 ) ) ;
#372 = VECTOR ( 'NONE', #439, 1000.000000000000000 ) ;
#373 = AXIS2_PLACEMENT_3D ( 'NONE', #438, #2107, #1241 ) ;
#374 = LINE ( 'NONE', #1996, #1054 ) ;
#375 = DIRECTION ( 'NONE',  ( -1.000000000000000000, -1.302916513955365949E-16, 1.500301384628591852E-16 ) ) ;
#376 = CARTESIAN_POINT ( 'NONE',  ( 117.4797516786647691, 10.31000000000004313, -55.43063027727828995 ) ) ;
#377 = ADVANCED_FACE ( 'NONE', ( #423 ), #558, .T. ) ;
#378 = CARTESIAN_POINT ( 'NONE',  ( -115.3670646953002006, 6.132161647987270037, -59.73425858145753864 ) ) ;
#379 = ORIENTED_EDGE ( 'NONE', *, *, #1740, .F. ) ;
#380 = CARTESIAN_POINT ( 'NONE',  ( 115.3697186026028731, 8.518207994730735422, -58.84867854169561951 ) ) ;
#381 = CLOSED_SHELL ( 'NONE', ( #754, #1832, #800, #2319, #914, #1291, #97, #1480, #2282, #775, #1779, #2577, #483, #232, #1726, #2385, #14, #2572, #74, #2302, #1877, #813, #2117, #1160, #677, #1089, #972, #2088, #2566, #1406, #2270, #1580, #1030, #2601, #104, #998, #1343, #2547, #729, #147, #1559, #1893, #2457, #1358, #2030, #2198, #1040, #1924, #1108, #1080, #545, #692, #1368, #1596, #1715, #2279, #1840, #2595, #1878, #1985, #945, #882, #377, #1558, #1370, #2351, #2420, #1591, #530, #2109, #1165, #1501, #2085, #2340, #2175, #1842, #1417, #69, #2143, #1906, #765, #84, #1328, #662 ) ) ;
#382 = EDGE_LOOP ( 'NONE', ( #1026, #632, #693, #2497 ) ) ;
#383 = VERTEX_POINT ( 'NONE', #2054 ) ;
#384 = VECTOR ( 'NONE', #2380, 1000.000000000000000 ) ;
#385 = DIRECTION ( 'NONE',  ( -1.284980352575412946E-16, 1.000000000000000000, 0.000000000000000000 ) ) ;
#386 = CARTESIAN_POINT ( 'NONE',  ( -114.2217431391465396, 5.741581701139224059, -59.94393365174909150 ) ) ;
#387 = FACE_OUTER_BOUND ( 'NONE', #574, .T. ) ;
#388 = ORIENTED_EDGE ( 'NONE', *, *, #2371, .F. ) ;
#389 = DIRECTION ( 'NONE',  ( 0.000000000000000000, 0.000000000000000000, 1.000000000000000000 ) ) ;
#390 = EDGE_CURVE ( 'NONE', #484, #1739, #1039, .T. ) ;
#391 = FACE_OUTER_BOUND ( 'NONE', #960, .T. ) ;
#392 = PLANE ( 'NONE',  #1722 ) ;
#393 = FACE_OUTER_BOUND ( 'NONE', #382, .T. ) ;
#394 = CIRCLE ( 'NONE', #978, 5.000000000000004441 ) ;
#395 = CARTESIAN_POINT ( 'NONE',  ( -17.50000000000000355, -12.80999999999999694, 20.00000000000000000 ) ) ;
#396 = VERTEX_POINT ( 'NONE', #1647 ) ;
#397 = CARTESIAN_POINT ( 'NONE',  ( 117.6490204086452422, 10.31000000000004135, -55.00000000000000000 ) ) ;
#398 = ORIENTED_EDGE ( 'NONE', *, *, #2617, .F. ) ;
#399 = EDGE_LOOP ( 'NONE', ( #888, #1084, #1478, #1140 ) ) ;
#400 = CARTESIAN_POINT ( 'NONE',  ( -6.500000000000001776, -40.25563991971686306, -4.336808689942017736E-16 ) ) ;
#401 = ORIENTED_EDGE ( 'NONE', *, *, #921, .F. ) ;
#402 = CARTESIAN_POINT ( 'NONE',  ( 91.70685139624998783, -5.309999999999980957, -34.99999999999997868 ) ) ;
#403 = CYLINDRICAL_SURFACE ( 'NONE', #2568, 2.000000000000002220 ) ;
#404 = EDGE_CURVE ( 'NONE', #2599, #2597, #603, .T. ) ;
#405 = CARTESIAN_POINT ( 'NONE',  ( -119.8274111699999764, 10.31000000000000938, 20.00000000000000000 ) ) ;
#406 = CARTESIAN_POINT ( 'NONE',  ( -114.7419920621102705, 7.721542301245615469, -59.39168821933455433 ) ) ;
#407 = FACE_OUTER_BOUND ( 'NONE', #1441, .T. ) ;
#408 = CARTESIAN_POINT ( 'NONE',  ( -114.1881702010847590, 5.729749031364589129, -59.94721252289657798 ) ) ;
#409 = VERTEX_POINT ( 'NONE', #997 ) ;
#410 = CARTESIAN_POINT ( 'NONE',  ( 117.5083955996717862, 10.31000000000004491, -55.35775834895446224 ) ) ;
#411 = EDGE_LOOP ( 'NONE', ( #1185, #76, #2409, #709 ) ) ;
#412 = ORIENTED_EDGE ( 'NONE', *, *, #1790, .T. ) ;
#413 = EDGE_CURVE ( 'NONE', #2005, #2363, #1804, .T. ) ;
#414 = DIRECTION ( 'NONE',  ( 1.000000000000000000, 0.000000000000000000, 0.000000000000000000 ) ) ;
#415 = EDGE_LOOP ( 'NONE', ( #863, #1737, #563, #250 ) ) ;
#416 = DIRECTION ( 'NONE',  ( 1.000000000000000000, 1.302916513955365949E-16, 0.000000000000000000 ) ) ;
#417 = AXIS2_PLACEMENT_3D ( 'NONE', #1345, #622, #26 ) ;
#418 = CARTESIAN_POINT ( 'NONE',  ( 116.7611728065541854, 9.939713010419071182, -56.92165184632608543 ) ) ;
#419 = CIRCLE ( 'NONE', #2565, 9.999999999999980460 ) ;
#420 = AXIS2_PLACEMENT_3D ( 'NONE', #1637, #2276, #865 ) ;
#421 = CARTESIAN_POINT ( 'NONE',  ( -118.0868533844645754, 9.225076737225133883, -58.63224434916664052 ) ) ;
#422 = ORIENTED_EDGE ( 'NONE', *, *, #2010, .F. ) ;
#423 = FACE_OUTER_BOUND ( 'NONE', #1146, .T. ) ;
#424 = EDGE_CURVE ( 'NONE', #661, #331, #2581, .T. ) ;
#425 = ORIENTED_EDGE ( 'NONE', *, *, #1194, .T. ) ;
#426 = ORIENTED_EDGE ( 'NONE', *, *, #220, .T. ) ;
#427 = CARTESIAN_POINT ( 'NONE',  ( 115.9000000000000057, 3.810000000000040465, 10.00000000000000000 ) ) ;
#428 = CARTESIAN_POINT ( 'NONE',  ( 117.6490204086452422, 7.137400000000043043, -55.00000000000000000 ) ) ;
#429 = ORIENTED_EDGE ( 'NONE', *, *, #554, .F. ) ;
#430 = EDGE_CURVE ( 'NONE', #2453, #177, #494, .T. ) ;
#431 = CARTESIAN_POINT ( 'NONE',  ( 17.49999999999999645, -10.31000000000000938, 20.00000000000000000 ) ) ;
#432 = CARTESIAN_POINT ( 'NONE',  ( 114.6160897499767515, 7.559539368288282546, -59.50357804619067537 ) ) ;
#433 = ORIENTED_EDGE ( 'NONE', *, *, #424, .F. ) ;
#434 = CARTESIAN_POINT ( 'NONE',  ( 115.4250355849068512, 6.151548641878489931, -59.72078629484516199 ) ) ;
#435 = DIRECTION ( 'NONE',  ( 1.000000000000000000, -0.000000000000000000, -0.000000000000000000 ) ) ;
#436 = ORIENTED_EDGE ( 'NONE', *, *, #2261, .T. ) ;
#437 = ORIENTED_EDGE ( 'NONE', *, *, #1093, .F. ) ;
#438 = CARTESIAN_POINT ( 'NONE',  ( -9.999999999999992895, -38.09272897990539519, 36.85082064825746073 ) ) ;
#439 = DIRECTION ( 'NONE',  ( -1.000000000000000000, -0.000000000000000000, -0.000000000000000000 ) ) ;
#440 = ORIENTED_EDGE ( 'NONE', *, *, #2499, .T. ) ;
#441 = DIRECTION ( 'NONE',  ( -1.000000000000000000, -1.284980352575412946E-16, 1.500301384628591852E-16 ) ) ;
#442 = CARTESIAN_POINT ( 'NONE',  ( -118.0000000000000000, -5.310000000000009379, 20.00000000000000000 ) ) ;
#443 = CARTESIAN_POINT ( 'NONE',  ( 10.00000000000000711, -42.19283194543921667, 36.81013069838340357 ) ) ;
#444 = PLANE ( 'NONE',  #2469 ) ;
#445 = ORIENTED_EDGE ( 'NONE', *, *, #1703, .F. ) ;
#446 = ORIENTED_EDGE ( 'NONE', *, *, #578, .F. ) ;
#447 = DIRECTION ( 'NONE',  ( 1.000000000000000000, 0.000000000000000000, 0.000000000000000000 ) ) ;
#448 =( BOUNDED_CURVE ( )  B_SPLINE_CURVE ( 3, ( #2192, #2350, #741, #1767 ),
 .UNSPECIFIED., .F., .F. ) 
 B_SPLINE_CURVE_WITH_KNOTS ( ( 4, 4 ),
 ( 3.141592653589793116, 6.283185307179586232 ),
 .UNSPECIFIED. ) 
 CURVE ( )  GEOMETRIC_REPRESENTATION_ITEM ( )  RATIONAL_B_SPLINE_CURVE ( ( 1.000000000000000000, 0.3333333333333333703, 0.3333333333333333703, 1.000000000000000000 ) ) 
 REPRESENTATION_ITEM ( '' )  );
#449 = DIRECTION ( 'NONE',  ( -0.000000000000000000, -0.000000000000000000, -1.000000000000000000 ) ) ;
#450 = CARTESIAN_POINT ( 'NONE',  ( 123.0000000000000000, -10.30999999999995076, 0.000000000000000000 ) ) ;
#451 = VERTEX_POINT ( 'NONE', #2510 ) ;
#452 = CARTESIAN_POINT ( 'NONE',  ( 106.7068513962499736, 5.310000000000044018, -25.00000000000008527 ) ) ;
#453 = EDGE_CURVE ( 'NONE', #974, #2274, #2113, .T. ) ;
#454 = CARTESIAN_POINT ( 'NONE',  ( -115.9000000000000057, 3.810000000000011600, 10.00000000000000000 ) ) ;
#455 = CARTESIAN_POINT ( 'NONE',  ( 91.70685139624981730, 10.31000000000003780, -54.99999999999997158 ) ) ;
#456 = VECTOR ( 'NONE', #89, 1000.000000000000000 ) ;
#457 = VECTOR ( 'NONE', #2082, 1000.000000000000000 ) ;
#458 = ORIENTED_EDGE ( 'NONE', *, *, #490, .F. ) ;
#459 = AXIS2_PLACEMENT_3D ( 'NONE', #1418, #2021, #844 ) ;
#460 = CARTESIAN_POINT ( 'NONE',  ( 119.8273999999999972, 7.137400000000012845, -49.99999999999996447 ) ) ;
#461 = AXIS2_PLACEMENT_3D ( 'NONE', #428, #226, #1231 ) ;
#462 = EDGE_CURVE ( 'NONE', #1103, #1338, #394, .T. ) ;
#463 = FACE_OUTER_BOUND ( 'NONE', #2487, .T. ) ;
#464 = VERTEX_POINT ( 'NONE', #2126 ) ;
#465 = FACE_OUTER_BOUND ( 'NONE', #317, .T. ) ;
#466 = CARTESIAN_POINT ( 'NONE',  ( -2.700116916602141735E-15, -22.26687596975934014, 21.79484587073970658 ) ) ;
#467 = DIRECTION ( 'NONE',  ( -1.000000000000000000, -1.302916513955365949E-16, 0.000000000000000000 ) ) ;
#468 = FACE_BOUND ( 'NONE', #713, .T. ) ;
#469 = ORIENTED_EDGE ( 'NONE', *, *, #1609, .F. ) ;
#470 = VECTOR ( 'NONE', #1314, 1000.000000000000000 ) ;
#471 = CARTESIAN_POINT ( 'NONE',  ( -119.5614124842007868, 7.137399987839113003, -57.55397189028217042 ) ) ;
#472 = DIRECTION ( 'NONE',  ( 1.000000000000000000, 5.621789042517430435E-16, 0.000000000000000000 ) ) ;
#473 = EDGE_CURVE ( 'NONE', #1257, #1307, #897, .T. ) ;
#474 = EDGE_LOOP ( 'NONE', ( #1465, #2372, #2587, #2440 ) ) ;
#475 = EDGE_LOOP ( 'NONE', ( #1807, #1553 ) ) ;
#476 = DIRECTION ( 'NONE',  ( -1.284980352575412946E-16, 1.000000000000000000, 0.000000000000000000 ) ) ;
#477 = DIRECTION ( 'NONE',  ( 1.156482317317871232E-16, -0.7986355100472898316, 0.6018150231520523752 ) ) ;
#478 = CARTESIAN_POINT ( 'NONE',  ( 118.0000000000000142, -5.309999999999979181, -49.99999999999996447 ) ) ;
#479 = ORIENTED_EDGE ( 'NONE', *, *, #220, .F. ) ;
#480 = CARTESIAN_POINT ( 'NONE',  ( -123.0000000000000000, -10.31000000000000938, 20.00000000000000000 ) ) ;
#481 = CARTESIAN_POINT ( 'NONE',  ( -5.040783960850393155E-16, -39.26611690856990577, -4.087189070831241722 ) ) ;
#482 = CARTESIAN_POINT ( 'NONE',  ( -116.4999999999999858, -0.2099999999999511147, 10.00000000000000178 ) ) ;
#483 = ADVANCED_FACE ( 'NONE', ( #1058 ), #444, .F. ) ;
#484 = VERTEX_POINT ( 'NONE', #1453 ) ;
#485 = DIRECTION ( 'NONE',  ( -0.000000000000000000, 1.000000000000000000, -0.000000000000000000 ) ) ;
#486 = ORIENTED_EDGE ( 'NONE', *, *, #569, .F. ) ;
#487 = CARTESIAN_POINT ( 'NONE',  ( 10.00000000000000888, -49.03800159317287211, 16.92562284694926689 ) ) ;
#488 =( NAMED_UNIT ( * ) SI_UNIT ( $, .STERADIAN. ) SOLID_ANGLE_UNIT ( ) );
#489 = ORIENTED_EDGE ( 'NONE', *, *, #652, .F. ) ;
#490 = EDGE_CURVE ( 'NONE', #974, #630, #2222, .T. ) ;
#491 = LINE ( 'NONE', #1297, #1935 ) ;
#492 = DIRECTION ( 'NONE',  ( 1.180887321971960062E-16, -1.000000000000000000, 0.000000000000000000 ) ) ;
#493 = AXIS2_PLACEMENT_3D ( 'NONE', #2377, #698, #1347 ) ;
#494 = LINE ( 'NONE', #2066, #1072 ) ;
#495 = AXIS2_PLACEMENT_3D ( 'NONE', #573, #1421, #1182 ) ;
#496 = AXIS2_PLACEMENT_3D ( 'NONE', #284, #1896, #1881 ) ;
#497 = CIRCLE ( 'NONE', #459, 3.250000000000003109 ) ;
#498 = EDGE_LOOP ( 'NONE', ( #324, #335, #1132, #46 ) ) ;
#499 = CARTESIAN_POINT ( 'NONE',  ( -9.999999999999992895, -39.59726653778552219, 34.85423187313923421 ) ) ;
#500 = CIRCLE ( 'NONE', #32, 3.000000000000000888 ) ;
#501 = VECTOR ( 'NONE', #2080, 1000.000000000000000 ) ;
#502 = EDGE_CURVE ( 'NONE', #1232, #1701, #1097, .T. ) ;
#503 = CARTESIAN_POINT ( 'NONE',  ( -9.999999999999992895, -39.59726653778552219, 34.85423187313923421 ) ) ;
#504 = AXIS2_PLACEMENT_3D ( 'NONE', #55, #853, #1034 ) ;
#505 = EDGE_LOOP ( 'NONE', ( #2090, #218, #1399, #565 ) ) ;
#506 = LINE ( 'NONE', #2131, #580 ) ;
#507 = EDGE_CURVE ( 'NONE', #1174, #862, #1401, .T. ) ;
#508 = DIRECTION ( 'NONE',  ( 1.000000000000000000, 0.000000000000000000, 0.000000000000000000 ) ) ;
#509 = AXIS2_PLACEMENT_3D ( 'NONE', #283, #2521, #685 ) ;
#510 = CARTESIAN_POINT ( 'NONE',  ( -113.0000000000000000, 7.137400000000015510, -50.00000000000001421 ) ) ;
#511 = TOROIDAL_SURFACE ( 'NONE', #940, 6.827399999999983038, 3.172599999999998310 ) ;
#512 = CARTESIAN_POINT ( 'NONE',  ( 10.00000000000000888, -51.63356700082656658, 18.88152167219343980 ) ) ;
#513 = ORIENTED_EDGE ( 'NONE', *, *, #1681, .F. ) ;
#514 = DIRECTION ( 'NONE',  ( -0.000000000000000000, -0.000000000000000000, 1.000000000000000000 ) ) ;
#515 = EDGE_CURVE ( 'NONE', #1712, #2511, #2424, .T. ) ;
#516 = EDGE_CURVE ( 'NONE', #638, #974, #939, .T. ) ;
#517 = DIRECTION ( 'NONE',  ( -7.106757310125201520E-17, 0.6018150231520522642, 0.7986355100472898316 ) ) ;
#518 = ORIENTED_EDGE ( 'NONE', *, *, #2242, .F. ) ;
#519 = CYLINDRICAL_SURFACE ( 'NONE', #2248, 5.000000000000000000 ) ;
#520 = DIRECTION ( 'NONE',  ( 0.000000000000000000, 0.000000000000000000, 1.000000000000000000 ) ) ;
#521 = CIRCLE ( 'NONE', #272, 3.172599999999997422 ) ;
#522 = DIRECTION ( 'NONE',  ( -1.000000000000000000, -1.302916513955365949E-16, 0.000000000000000000 ) ) ;
#523 = ORIENTED_EDGE ( 'NONE', *, *, #2313, .T. ) ;
#524 = PLANE ( 'NONE',  #2259 ) ;
#525 = DIRECTION ( 'NONE',  ( 0.000000000000000000, -0.7986355100472898316, 0.6018150231520522642 ) ) ;
#526 = ORIENTED_EDGE ( 'NONE', *, *, #1949, .T. ) ;
#527 = DIRECTION ( 'NONE',  ( 1.000000000000000000, 1.156482317317871478E-16, 0.000000000000000000 ) ) ;
#528 = EDGE_LOOP ( 'NONE', ( #1662, #320, #1005, #618 ) ) ;
#529 = DIRECTION ( 'NONE',  ( 0.000000000000000000, 0.000000000000000000, -1.000000000000000000 ) ) ;
#530 = ADVANCED_FACE ( 'NONE', ( #847 ), #1317, .T. ) ;
#531 = PLANE ( 'NONE',  #1336 ) ;
#532 = DIRECTION ( 'NONE',  ( -0.000000000000000000, -0.000000000000000000, -1.000000000000000000 ) ) ;
#533 = CARTESIAN_POINT ( 'NONE',  ( 14.99807155369126122, 7.137411170000037330, 20.00000000000000000 ) ) ;
#534 = ORIENTED_EDGE ( 'NONE', *, *, #1646, .F. ) ;
#535 = DIRECTION ( 'NONE',  ( -1.000000000000000000, 0.000000000000000000, 7.632783294297944905E-15 ) ) ;
#536 = EDGE_CURVE ( 'NONE', #2501, #158, #2498, .T. ) ;
#537 = AXIS2_PLACEMENT_3D ( 'NONE', #1141, #508, #2124 ) ;
#538 = CARTESIAN_POINT ( 'NONE',  ( 91.70685139624983151, -10.30999999999998273, -4.999999999999976019 ) ) ;
#539 = ORIENTED_EDGE ( 'NONE', *, *, #1473, .F. ) ;
#540 = CIRCLE ( 'NONE', #873, 2.000000000000002220 ) ;
#541 = DIRECTION ( 'NONE',  ( -1.000000000000000000, 0.000000000000000000, 0.000000000000000000 ) ) ;
#542 = AXIS2_PLACEMENT_3D ( 'NONE', #185, #198, #636 ) ;
#543 = ORIENTED_EDGE ( 'NONE', *, *, #2242, .T. ) ;
#544 = LINE ( 'NONE', #2353, #1544 ) ;
#545 = ADVANCED_FACE ( 'NONE', ( #1264 ), #2463, .F. ) ;
#546 = DIRECTION ( 'NONE',  ( -1.000000000000000000, -0.000000000000000000, -8.326672684688688253E-15 ) ) ;
#547 = DIRECTION ( 'NONE',  ( -1.000000000000000000, -1.156482317317871478E-16, 1.942890293094023946E-14 ) ) ;
#548 = EDGE_CURVE ( 'NONE', #396, #1927, #521, .T. ) ;
#549 =( BOUNDED_CURVE ( )  B_SPLINE_CURVE ( 3, ( #842, #1854, #400, #1444 ),
 .UNSPECIFIED., .F., .F. ) 
 B_SPLINE_CURVE_WITH_KNOTS ( ( 4, 4 ),
 ( 0.000000000000000000, 3.141592653589793116 ),
 .UNSPECIFIED. ) 
 CURVE ( )  GEOMETRIC_REPRESENTATION_ITEM ( )  RATIONAL_B_SPLINE_CURVE ( ( 1.000000000000000000, 0.3333333333333333703, 0.3333333333333333703, 1.000000000000000000 ) ) 
 REPRESENTATION_ITEM ( '' )  );
#550 = ORIENTED_EDGE ( 'NONE', *, *, #1390, .T. ) ;
#551 = DIRECTION ( 'NONE',  ( -1.302916513955366196E-16, 1.000000000000000000, -0.000000000000000000 ) ) ;
#552 = PLANE ( 'NONE',  #787 ) ;
#553 = ORIENTED_EDGE ( 'NONE', *, *, #1404, .T. ) ;
#554 = EDGE_CURVE ( 'NONE', #1202, #1701, #1285, .T. ) ;
#555 = DIRECTION ( 'NONE',  ( 1.000000000000000000, 1.302916513955365949E-16, 0.000000000000000000 ) ) ;
#556 = EDGE_LOOP ( 'NONE', ( #1263, #1183, #2537, #2376 ) ) ;
#557 = DIRECTION ( 'NONE',  ( 0.000000000000000000, -0.000000000000000000, 1.000000000000000000 ) ) ;
#558 = TOROIDAL_SURFACE ( 'NONE', #98, 20.00000000000000000, 5.000000000000000000 ) ;
#559 = CARTESIAN_POINT ( 'NONE',  ( -9.999999999999992895, -38.09272897990539519, 36.85082064825746073 ) ) ;
#560 = CARTESIAN_POINT ( 'NONE',  ( 112.9999999999999574, -10.30999999999997918, -55.00000000000000000 ) ) ;
#561 = DIRECTION ( 'NONE',  ( -1.000000000000000000, -1.302916513955365949E-16, 0.000000000000000000 ) ) ;
#562 = EDGE_CURVE ( 'NONE', #1862, #2570, #64, .T. ) ;
#563 = ORIENTED_EDGE ( 'NONE', *, *, #2296, .T. ) ;
#564 = CARTESIAN_POINT ( 'NONE',  ( 119.8274111699999906, 7.137411170000041771, 20.00000000000000000 ) ) ;
#565 = ORIENTED_EDGE ( 'NONE', *, *, #1152, .T. ) ;
#566 = CARTESIAN_POINT ( 'NONE',  ( -113.2931486037500264, -5.310000000000009379, 20.00000000000000000 ) ) ;
#567 = VERTEX_POINT ( 'NONE', #1492 ) ;
#568 = CARTESIAN_POINT ( 'NONE',  ( -93.29314860374991270, 5.310000000000009379, -9.999999999999953815 ) ) ;
#569 = EDGE_CURVE ( 'NONE', #2480, #638, #1156, .T. ) ;
#570 = CARTESIAN_POINT ( 'NONE',  ( -15.00000000000000711, -10.30999999999999694, 20.00000000000000000 ) ) ;
#571 = CYLINDRICAL_SURFACE ( 'NONE', #1851, 2.000000000000003109 ) ;
#572 = CYLINDRICAL_SURFACE ( 'NONE', #1095, 3.000000000000002665 ) ;
#573 = CARTESIAN_POINT ( 'NONE',  ( -116.4999999999999858, -0.2099999999999511147, 10.00000000000000178 ) ) ;
#574 = EDGE_LOOP ( 'NONE', ( #2060, #1780, #1789, #2555 ) ) ;
#575 = CARTESIAN_POINT ( 'NONE',  ( 117.3600695181946918, 10.27200871774126512, -55.70504255978419650 ) ) ;
#576 = VERTEX_POINT ( 'NONE', #276 ) ;
#577 = ORIENTED_EDGE ( 'NONE', *, *, #312, .T. ) ;
#578 = EDGE_CURVE ( 'NONE', #227, #2188, #110, .T. ) ;
#579 = DIRECTION ( 'NONE',  ( -7.106757310125201520E-17, 0.6018150231520522642, 0.7986355100472898316 ) ) ;
#580 = VECTOR ( 'NONE', #2507, 1000.000000000000000 ) ;
#581 = VECTOR ( 'NONE', #323, 1000.000000000000000 ) ;
#582 = CIRCLE ( 'NONE', #1429, 3.000000000000002665 ) ;
#583 = FACE_OUTER_BOUND ( 'NONE', #2104, .T. ) ;
#584 = ORIENTED_EDGE ( 'NONE', *, *, #1958, .F. ) ;
#585 = CARTESIAN_POINT ( 'NONE',  ( 17.49999999999999645, -12.81000000000001116, 20.00000000000000000 ) ) ;
#586 = AXIS2_PLACEMENT_3D ( 'NONE', #254, #1458, #2441 ) ;
#587 = CIRCLE ( 'NONE', #2252, 3.000000000000002665 ) ;
#588 = FACE_OUTER_BOUND ( 'NONE', #1586, .T. ) ;
#589 = LINE ( 'NONE', #1154, #368 ) ;
#590 = CARTESIAN_POINT ( 'NONE',  ( 113.4074220750177915, 5.886725815503693227, -60.00000000000000000 ) ) ;
#591 = CARTESIAN_POINT ( 'NONE',  ( 106.7068513962499878, -5.309999999999980957, -34.99999999999987210 ) ) ;
#592 = CARTESIAN_POINT ( 'NONE',  ( -93.29314860375001217, -5.310000000000002274, -24.99999999999995381 ) ) ;
#593 = VECTOR ( 'NONE', #514, 1000.000000000000000 ) ;
#594 = ORIENTED_EDGE ( 'NONE', *, *, #292, .F. ) ;
#595 = VERTEX_POINT ( 'NONE', #2355 ) ;
#596 = EDGE_CURVE ( 'NONE', #1186, #990, #2180, .T. ) ;
#597 = LINE ( 'NONE', #855, #1512 ) ;
#598 = EDGE_LOOP ( 'NONE', ( #23, #1694 ) ) ;
#599 = DIRECTION ( 'NONE',  ( 0.000000000000000000, 0.000000000000000000, -1.000000000000000000 ) ) ;
#600 = CARTESIAN_POINT ( 'NONE',  ( 123.0000000000000000, -5.309999999999979181, 20.00000000000000000 ) ) ;
#601 = DIRECTION ( 'NONE',  ( -7.106757310125203986E-17, 0.6018150231520523752, 0.7986355100472898316 ) ) ;
#602 = CARTESIAN_POINT ( 'NONE',  ( 117.6733657701800411, 6.817546541128124638, -58.84638404384086385 ) ) ;
#603 = CIRCLE ( 'NONE', #1357, 20.00000000000000355 ) ;
#604 = CARTESIAN_POINT ( 'NONE',  ( -115.9587955061481637, 6.327101626320984273, -59.57210170043195063 ) ) ;
#605 = ORIENTED_EDGE ( 'NONE', *, *, #1070, .T. ) ;
#606 = DIRECTION ( 'NONE',  ( 1.000000000000000000, 1.734723475976806848E-16, 0.000000000000000000 ) ) ;
#607 = EDGE_LOOP ( 'NONE', ( #688, #553, #179, #1038 ) ) ;
#608 = ORIENTED_EDGE ( 'NONE', *, *, #955, .F. ) ;
#609 = DIRECTION ( 'NONE',  ( 0.000000000000000000, 0.000000000000000000, 1.000000000000000000 ) ) ;
#610 = VERTEX_POINT ( 'NONE', #350 ) ;
#611 = CARTESIAN_POINT ( 'NONE',  ( -15.00000000000000711, -12.80999999999999517, 0.000000000000000000 ) ) ;
#612 = FACE_OUTER_BOUND ( 'NONE', #50, .T. ) ;
#613 = CARTESIAN_POINT ( 'NONE',  ( 118.0000000000000142, -10.30999999999997918, -49.99999999999996447 ) ) ;
#614 = EDGE_CURVE ( 'NONE', #620, #1174, #2532, .T. ) ;
#615 = CARTESIAN_POINT ( 'NONE',  ( -119.8274013962499822, 10.31000000000000938, 0.000000000000000000 ) ) ;
#616 = EDGE_LOOP ( 'NONE', ( #934, #985, #584, #1071 ) ) ;
#617 = CARTESIAN_POINT ( 'NONE',  ( 116.0232996438072632, 6.347741662999634826, -59.55209127660388191 ) ) ;
#618 = ORIENTED_EDGE ( 'NONE', *, *, #1199, .F. ) ;
#619 = EDGE_CURVE ( 'NONE', #1549, #2493, #338, .T. ) ;
#620 = VERTEX_POINT ( 'NONE', #1982 ) ;
#621 = VECTOR ( 'NONE', #2111, 1000.000000000000000 ) ;
#622 = DIRECTION ( 'NONE',  ( 0.000000000000000000, 0.000000000000000000, 1.000000000000000000 ) ) ;
#623 = ORIENTED_EDGE ( 'NONE', *, *, #1518, .F. ) ;
#624 = CIRCLE ( 'NONE', #2068, 5.000000000000000000 ) ;
#625 = DIRECTION ( 'NONE',  ( 0.000000000000000000, 0.000000000000000000, 1.000000000000000000 ) ) ;
#626 = CIRCLE ( 'NONE', #329, 2.000000000000002220 ) ;
#627 = FACE_OUTER_BOUND ( 'NONE', #2251, .T. ) ;
#628 = VECTOR ( 'NONE', #2240, 1000.000000000000000 ) ;
#629 = AXIS2_PLACEMENT_3D ( 'NONE', #948, #385, #155 ) ;
#630 = VERTEX_POINT ( 'NONE', #2333 ) ;
#631 = CARTESIAN_POINT ( 'NONE',  ( 119.8093570153282883, 7.137400000000043043, -57.32343205319740775 ) ) ;
#632 = ORIENTED_EDGE ( 'NONE', *, *, #614, .T. ) ;
#633 = ORIENTED_EDGE ( 'NONE', *, *, #728, .F. ) ;
#634 = EDGE_CURVE ( 'NONE', #724, #2320, #734, .T. ) ;
#635 = LINE ( 'NONE', #70, #2529 ) ;
#636 = DIRECTION ( 'NONE',  ( -1.000000000000000000, 0.000000000000000000, 0.000000000000000000 ) ) ;
#637 = LINE ( 'NONE', #2267, #372 ) ;
#638 = VERTEX_POINT ( 'NONE', #1545 ) ;
#639 = FACE_OUTER_BOUND ( 'NONE', #271, .T. ) ;
#640 = CARTESIAN_POINT ( 'NONE',  ( 116.4999999999999858, -0.2099999999999509481, 13.00000000000000178 ) ) ;
#641 = CARTESIAN_POINT ( 'NONE',  ( -116.4999999999999858, -0.2099999999999507261, 7.000000000000002665 ) ) ;
#642 = CARTESIAN_POINT ( 'NONE',  ( -113.2931486037500122, -5.310000000000004050, -25.00000000000008171 ) ) ;
#643 = ORIENTED_EDGE ( 'NONE', *, *, #1768, .F. ) ;
#644 = ORIENTED_EDGE ( 'NONE', *, *, #180, .F. ) ;
#645 = DIRECTION ( 'NONE',  ( -1.302916513955365949E-16, 1.000000000000000000, 0.000000000000000000 ) ) ;
#646 = CARTESIAN_POINT ( 'NONE',  ( -2.632856489525800910E-15, -17.56779637169004715, 21.38417455324971428 ) ) ;
#647 = DIRECTION ( 'NONE',  ( 0.000000000000000000, -0.7986355100472900537, 0.6018150231520520421 ) ) ;
#648 = ORIENTED_EDGE ( 'NONE', *, *, #2046, .F. ) ;
#649 = CARTESIAN_POINT ( 'NONE',  ( -113.0000000000000000, 7.137400000000015510, -50.00000000000001421 ) ) ;
#650 = EDGE_CURVE ( 'NONE', #2127, #595, #1759, .T. ) ;
#651 = DIRECTION ( 'NONE',  ( -7.106757310125201520E-17, 0.6018150231520522642, 0.7986355100472898316 ) ) ;
#652 = EDGE_CURVE ( 'NONE', #724, #20, #942, .T. ) ;
#653 = ORIENTED_EDGE ( 'NONE', *, *, #516, .F. ) ;
#654 = CARTESIAN_POINT ( 'NONE',  ( -93.29314860375001217, -49.68999999999998352, -24.99999999999995381 ) ) ;
#655 = VERTEX_POINT ( 'NONE', #954 ) ;
#656 = PLANE ( 'NONE',  #1394 ) ;
#657 = DIRECTION ( 'NONE',  ( 1.000000000000000000, 1.284980352575412946E-16, -0.000000000000000000 ) ) ;
#658 = LINE ( 'NONE', #2094, #2293 ) ;
#659 = CARTESIAN_POINT ( 'NONE',  ( -14.99999999999998579, 10.31000000000002359, 19.99999999999999289 ) ) ;
#660 = DIRECTION ( 'NONE',  ( 1.000000000000000000, 1.302916513955365949E-16, 0.000000000000000000 ) ) ;
#661 = VERTEX_POINT ( 'NONE', #2344 ) ;
#662 = ADVANCED_FACE ( 'NONE', ( #1143 ), #511, .T. ) ;
#663 = FACE_OUTER_BOUND ( 'NONE', #2053, .T. ) ;
#664 = DIRECTION ( 'NONE',  ( 1.000000000000000000, 0.000000000000000000, 0.000000000000000000 ) ) ;
#665 = CARTESIAN_POINT ( 'NONE',  ( 15.00000000000000355, -39.68999999999997641, 20.00000000000000000 ) ) ;
#666 = EDGE_CURVE ( 'NONE', #661, #2274, #2430, .T. ) ;
#667 = CIRCLE ( 'NONE', #1050, 6.827399999999983038 ) ;
#668 = AXIS2_PLACEMENT_3D ( 'NONE', #1968, #375, #2604 ) ;
#669 = CARTESIAN_POINT ( 'NONE',  ( -93.29314860375001217, -10.31000000000000583, -34.99999999999995026 ) ) ;
#670 = CIRCLE ( 'NONE', #1765, 15.00000000000000000 ) ;
#671 = ORIENTED_EDGE ( 'NONE', *, *, #983, .F. ) ;
#672 = ORIENTED_EDGE ( 'NONE', *, *, #1487, .F. ) ;
#673 = LINE ( 'NONE', #2345, #1850 ) ;
#674 = PRODUCT ( 'back_support_camera_mount-V2', 'back_support_camera_mount-V2', '', ( #708 ) ) ;
#675 = CARTESIAN_POINT ( 'NONE',  ( -93.29314860374991270, 5.310000000000012932, -54.99999999999994316 ) ) ;
#676 = ORIENTED_EDGE ( 'NONE', *, *, #1447, .T. ) ;
#677 = ADVANCED_FACE ( 'NONE', ( #2161, #1311, #712 ), #1746, .T. ) ;
#678 = DIRECTION ( 'NONE',  ( -1.000000000000000000, -8.673617379884003425E-17, 0.000000000000000000 ) ) ;
#679 = CARTESIAN_POINT ( 'NONE',  ( -118.0000000000000000, -10.31000000000000938, 20.00000000000000000 ) ) ;
#680 = PRODUCT_RELATED_PRODUCT_CATEGORY ( 'part', '', ( #674 ) ) ;
#681 = ORIENTED_EDGE ( 'NONE', *, *, #263, .T. ) ;
#682 = DIRECTION ( 'NONE',  ( 1.000000000000000000, 0.000000000000000000, 0.000000000000000000 ) ) ;
#683 = DIRECTION ( 'NONE',  ( 0.000000000000000000, 0.000000000000000000, -1.000000000000000000 ) ) ;
#684 = EDGE_LOOP ( 'NONE', ( #1992, #1540 ) ) ;
#685 = DIRECTION ( 'NONE',  ( -1.000000000000000000, 0.000000000000000000, 0.000000000000000000 ) ) ;
#686 = EDGE_CURVE ( 'NONE', #140, #1103, #1831, .T. ) ;
#687 = LINE ( 'NONE', #2292, #86 ) ;
#688 = ORIENTED_EDGE ( 'NONE', *, *, #453, .T. ) ;
#689 = DIRECTION ( 'NONE',  ( -1.302916513955365949E-16, 1.000000000000000000, -0.000000000000000000 ) ) ;
#690 = CARTESIAN_POINT ( 'NONE',  ( -2.877785849355271601E-15, -19.16506739178462482, 22.58780459955382369 ) ) ;
#691 = DIRECTION ( 'NONE',  ( 1.000000000000000000, 1.302916513955365949E-16, 0.000000000000000000 ) ) ;
#692 = ADVANCED_FACE ( 'NONE', ( #723 ), #1709, .F. ) ;
#693 = ORIENTED_EDGE ( 'NONE', *, *, #507, .T. ) ;
#694 = LINE ( 'NONE', #487, #1994 ) ;
#695 = EDGE_CURVE ( 'NONE', #1198, #2164, #1321, .T. ) ;
#696 = ORIENTED_EDGE ( 'NONE', *, *, #1318, .T. ) ;
#697 = CYLINDRICAL_SURFACE ( 'NONE', #910, 3.250000000000005329 ) ;
#698 = DIRECTION ( 'NONE',  ( -7.106757310125201520E-17, 0.6018150231520522642, 0.7986355100472898316 ) ) ;
#699 = VECTOR ( 'NONE', #1116, 1000.000000000000000 ) ;
#700 = DIRECTION ( 'NONE',  ( 1.302916513955365949E-16, -1.000000000000000000, 0.000000000000000000 ) ) ;
#701 = EDGE_CURVE ( 'NONE', #1265, #2041, #1525, .T. ) ;
#702 = CIRCLE ( 'NONE', #2155, 15.00000000000000000 ) ;
#703 = ORIENTED_EDGE ( 'NONE', *, *, #2310, .T. ) ;
#704 = FACE_OUTER_BOUND ( 'NONE', #825, .T. ) ;
#705 = VECTOR ( 'NONE', #1349, 1000.000000000000000 ) ;
#706 = AXIS2_PLACEMENT_3D ( 'NONE', #1529, #305, #2138 ) ;
#707 = PLANE ( 'NONE',  #742 ) ;
#708 = PRODUCT_CONTEXT ( 'NONE', #1914, 'mechanical' ) ;
#709 = ORIENTED_EDGE ( 'NONE', *, *, #228, .F. ) ;
#710 = FACE_OUTER_BOUND ( 'NONE', #1532, .T. ) ;
#711 = DIRECTION ( 'NONE',  ( -7.106757310125202753E-17, 0.6018150231520522642, 0.7986355100472898316 ) ) ;
#712 = FACE_OUTER_BOUND ( 'NONE', #415, .T. ) ;
#713 = EDGE_LOOP ( 'NONE', ( #2210, #2139 ) ) ;
#714 = CARTESIAN_POINT ( 'NONE',  ( -93.29314860374989848, -5.310000000000009379, -9.999999999999953815 ) ) ;
#715 = PLANE ( 'NONE',  #1724 ) ;
#716 = EDGE_LOOP ( 'NONE', ( #843, #2369, #577, #1043 ) ) ;
#717 = VECTOR ( 'NONE', #302, 1000.000000000000000 ) ;
#718 = EDGE_CURVE ( 'NONE', #1366, #2135, #1977, .T. ) ;
#719 = LINE ( 'NONE', #2110, #456 ) ;
#720 = ORIENTED_EDGE ( 'NONE', *, *, #536, .F. ) ;
#721 = FACE_OUTER_BOUND ( 'NONE', #716, .T. ) ;
#722 = EDGE_CURVE ( 'NONE', #1498, #778, #125, .T. ) ;
#723 = FACE_OUTER_BOUND ( 'NONE', #607, .T. ) ;
#724 = VERTEX_POINT ( 'NONE', #1334 ) ;
#725 = DIRECTION ( 'NONE',  ( -0.000000000000000000, -0.000000000000000000, -1.000000000000000000 ) ) ;
#726 = DIRECTION ( 'NONE',  ( 1.000000000000000000, 0.000000000000000000, 0.000000000000000000 ) ) ;
#727 = ORIENTED_EDGE ( 'NONE', *, *, #41, .F. ) ;
#728 = EDGE_CURVE ( 'NONE', #1316, #846, #2241, .T. ) ;
#729 = ADVANCED_FACE ( 'NONE', ( #627 ), #572, .F. ) ;
#730 = CARTESIAN_POINT ( 'NONE',  ( -112.9000000000000057, 3.810000000000012044, 10.00000000000000000 ) ) ;
#731 = VERTEX_POINT ( 'NONE', #1775 ) ;
#732 = CARTESIAN_POINT ( 'NONE',  ( -108.2931486037500264, 5.310000000000016485, -25.00000000000004974 ) ) ;
#733 = CARTESIAN_POINT ( 'NONE',  ( 10.00000000000000888, -54.22913240848026106, 20.83742049743760916 ) ) ;
#734 = LINE ( 'NONE', #2542, #753 ) ;
#735 = VERTEX_POINT ( 'NONE', #994 ) ;
#736 = DIRECTION ( 'NONE',  ( -4.276953315129017071E-17, 1.000000000000000000, 0.000000000000000000 ) ) ;
#737 = VECTOR ( 'NONE', #62, 1000.000000000000000 ) ;
#738 = DIRECTION ( 'NONE',  ( -1.000000000000000000, 0.000000000000000000, 0.000000000000000000 ) ) ;
#739 = ORIENTED_EDGE ( 'NONE', *, *, #111, .F. ) ;
#740 = AXIS2_PLACEMENT_3D ( 'NONE', #2418, #815, #416 ) ;
#741 = CARTESIAN_POINT ( 'NONE',  ( -3.499999999999988010, -44.68999999999996930, 33.49627676286267075 ) ) ;
#742 = AXIS2_PLACEMENT_3D ( 'NONE', #304, #890, #1269 ) ;
#743 = EDGE_CURVE ( 'NONE', #610, #1049, #2602, .T. ) ;
#744 = LINE ( 'NONE', #936, #295 ) ;
#745 = VERTEX_POINT ( 'NONE', #613 ) ;
#746 = FACE_OUTER_BOUND ( 'NONE', #474, .T. ) ;
#747 = SURFACE_SIDE_STYLE ('',( #759 ) ) ;
#748 = CARTESIAN_POINT ( 'NONE',  ( -113.2207377624958156, 5.622464878809733335, -59.99266077598272062 ) ) ;
#749 = DIRECTION ( 'NONE',  ( 0.000000000000000000, -1.000000000000000000, 0.000000000000000000 ) ) ;
#750 = AXIS2_PLACEMENT_3D ( 'NONE', #2383, #930, #2393 ) ;
#751 = ORIENTED_EDGE ( 'NONE', *, *, #634, .F. ) ;
#752 = DIRECTION ( 'NONE',  ( 1.000000000000000000, 1.734723475976806848E-16, 0.000000000000000000 ) ) ;
#753 = VECTOR ( 'NONE', #561, 1000.000000000000000 ) ;
#754 = ADVANCED_FACE ( 'NONE', ( #968 ), #2607, .F. ) ;
#755 = ORIENTED_EDGE ( 'NONE', *, *, #2184, .F. ) ;
#756 = CARTESIAN_POINT ( 'NONE',  ( 91.70685139624987414, -49.68999999999995509, -49.99999999999997158 ) ) ;
#757 = ORIENTED_EDGE ( 'NONE', *, *, #31, .T. ) ;
#758 = CARTESIAN_POINT ( 'NONE',  ( -93.29314860374987006, 10.31000000000001293, -4.999999999999952927 ) ) ;
#759 = SURFACE_STYLE_FILL_AREA ( #2366 ) ;
#760 = CARTESIAN_POINT ( 'NONE',  ( -113.1092310485652916, 5.464622010043760802, -60.00000000000001421 ) ) ;
#761 = CARTESIAN_POINT ( 'NONE',  ( 117.9532315307657768, 6.885359846896035307, -58.69320336557063911 ) ) ;
#762 = EDGE_LOOP ( 'NONE', ( #928, #2437 ) ) ;
#763 = CARTESIAN_POINT ( 'NONE',  ( -14.99999999999999645, -39.68999999999998352, 38.05445069456157370 ) ) ;
#764 = ORIENTED_EDGE ( 'NONE', *, *, #1490, .T. ) ;
#765 = ADVANCED_FACE ( 'NONE', ( #407 ), #1991, .T. ) ;
#766 = CARTESIAN_POINT ( 'NONE',  ( -15.00000000000000533, -12.80999999999999517, 0.000000000000000000 ) ) ;
#767 = DIRECTION ( 'NONE',  ( -1.000000000000000000, -1.445602896647337931E-16, 0.000000000000000000 ) ) ;
#768 = ORIENTED_EDGE ( 'NONE', *, *, #2464, .T. ) ;
#769 = FACE_OUTER_BOUND ( 'NONE', #2150, .T. ) ;
#770 = CARTESIAN_POINT ( 'NONE',  ( 111.7068513962499736, -5.309999999999980069, 20.00000000000000000 ) ) ;
#771 = DIRECTION ( 'NONE',  ( 1.000000000000000000, 4.276953315129017071E-17, 5.675708749154146716E-17 ) ) ;
#772 = CARTESIAN_POINT ( 'NONE',  ( 113.8112113231810554, 6.458487006210655856, -59.90138961766708547 ) ) ;
#773 = CYLINDRICAL_SURFACE ( 'NONE', #2324, 2.500000000000000444 ) ;
#774 = ORIENTED_EDGE ( 'NONE', *, *, #2148, .T. ) ;
#775 = ADVANCED_FACE ( 'NONE', ( #393 ), #1275, .F. ) ;
#776 = CARTESIAN_POINT ( 'NONE',  ( 111.7068513962499878, -5.309999999999980069, -25.00000000000008527 ) ) ;
#777 = ORIENTED_EDGE ( 'NONE', *, *, #1793, .T. ) ;
#778 = VERTEX_POINT ( 'NONE', #455 ) ;
#779 = CIRCLE ( 'NONE', #2561, 2.000000000000002220 ) ;
#780 = AXIS2_PLACEMENT_3D ( 'NONE', #1598, #2549, #1974 ) ;
#781 = AXIS2_PLACEMENT_3D ( 'NONE', #2600, #357, #852 ) ;
#782 = CARTESIAN_POINT ( 'NONE',  ( -113.2931486037500264, -10.31000000000000760, 20.00000000000000000 ) ) ;
#783 = ORIENTED_EDGE ( 'NONE', *, *, #1886, .T. ) ;
#784 = DIRECTION ( 'NONE',  ( 1.000000000000000000, 0.000000000000000000, 0.000000000000000000 ) ) ;
#785 = CIRCLE ( 'NONE', #1723, 2.000000000000002220 ) ;
#786 = VECTOR ( 'NONE', #1725, 1000.000000000000000 ) ;
#787 = AXIS2_PLACEMENT_3D ( 'NONE', #564, #363, #2359 ) ;
#788 = EDGE_CURVE ( 'NONE', #1353, #1462, #1931, .T. ) ;
#789 = CARTESIAN_POINT ( 'NONE',  ( -14.99999999999999645, -39.68999999999998352, 38.05445069456157370 ) ) ;
#790 = CARTESIAN_POINT ( 'NONE',  ( 119.8093570153283025, 10.31000000000005201, -57.32343205319740065 ) ) ;
#791 = CARTESIAN_POINT ( 'NONE',  ( -118.7800362602665274, 7.049931151662378603, -58.16701456599642484 ) ) ;
#792 = VERTEX_POINT ( 'NONE', #641 ) ;
#793 = DIRECTION ( 'NONE',  ( -7.106757310125201520E-17, 0.6018150231520522642, 0.7986355100472898316 ) ) ;
#794 = AXIS2_PLACEMENT_3D ( 'NONE', #2091, #294, #1663 ) ;
#795 = ORIENTED_EDGE ( 'NONE', *, *, #1745, .T. ) ;
#796 = ORIENTED_EDGE ( 'NONE', *, *, #141, .T. ) ;
#797 = CARTESIAN_POINT ( 'NONE',  ( -119.3330976370224761, 7.137400000000011069, -57.76625996710794197 ) ) ;
#798 = FACE_OUTER_BOUND ( 'NONE', #344, .T. ) ;
#799 = EDGE_LOOP ( 'NONE', ( #833, #1286 ) ) ;
#800 = ADVANCED_FACE ( 'NONE', ( #2482 ), #1461, .F. ) ;
#801 = DIRECTION ( 'NONE',  ( -0.000000000000000000, -0.000000000000000000, 1.000000000000000000 ) ) ;
#802 = CARTESIAN_POINT ( 'NONE',  ( -115.3697186026027879, 8.518207994730614629, -58.84867854169571189 ) ) ;
#803 = CARTESIAN_POINT ( 'NONE',  ( 114.1881702010878001, 5.729749031365014567, -59.94721252289602376 ) ) ;
#804 = EDGE_CURVE ( 'NONE', #1366, #1186, #1500, .T. ) ;
#805 = CARTESIAN_POINT ( 'NONE',  ( -113.0000000000000000, 5.310000000000011156, -60.00000000000000000 ) ) ;
#806 = ORIENTED_EDGE ( 'NONE', *, *, #2246, .T. ) ;
#807 = CARTESIAN_POINT ( 'NONE',  ( 115.9643985550385139, 9.200928986521239139, -58.15724275346386207 ) ) ;
#808 = VERTEX_POINT ( 'NONE', #2084 ) ;
#809 = ORIENTED_EDGE ( 'NONE', *, *, #2310, .F. ) ;
#810 = AXIS2_PLACEMENT_3D ( 'NONE', #1073, #1876, #2485 ) ;
#811 = CARTESIAN_POINT ( 'NONE',  ( 91.70685139624998783, -49.68999999999995509, -34.99999999999997868 ) ) ;
#812 = ORIENTED_EDGE ( 'NONE', *, *, #2123, .F. ) ;
#813 = ADVANCED_FACE ( 'NONE', ( #274 ), #1037, .F. ) ;
#814 = EDGE_CURVE ( 'NONE', #66, #1232, #1891, .T. ) ;
#815 = DIRECTION ( 'NONE',  ( 1.302916513955365949E-16, -1.000000000000000000, 0.000000000000000000 ) ) ;
#816 = PLANE ( 'NONE',  #1215 ) ;
#817 = CARTESIAN_POINT ( 'NONE',  ( 112.9999999999999716, 5.310000000000040465, -60.00000000000000000 ) ) ;
#818 = ORIENTED_EDGE ( 'NONE', *, *, #1563, .F. ) ;
#819 = CARTESIAN_POINT ( 'NONE',  ( 114.5285701669170209, 7.437574420351221960, -59.53569407044967221 ) ) ;
#820 = ORIENTED_EDGE ( 'NONE', *, *, #728, .T. ) ;
#821 = ORIENTED_EDGE ( 'NONE', *, *, #390, .F. ) ;
#822 = FACE_OUTER_BOUND ( 'NONE', #684, .T. ) ;
#823 = VECTOR ( 'NONE', #100, 1000.000000000000000 ) ;
#824 = DIRECTION ( 'NONE',  ( -0.000000000000000000, -0.000000000000000000, 1.000000000000000000 ) ) ;
#825 = EDGE_LOOP ( 'NONE', ( #4, #446, #2412, #361, #2070, #937 ) ) ;
#826 = AXIS2_PLACEMENT_3D ( 'NONE', #1188, #2006, #1139 ) ;
#827 = VECTOR ( 'NONE', #2288, 1000.000000000000000 ) ;
#828 = DIRECTION ( 'NONE',  ( 1.000000000000000000, 1.734723475976810546E-16, 2.081668171172172458E-15 ) ) ;
#829 = CYLINDRICAL_SURFACE ( 'NONE', #1052, 5.000000000000004441 ) ;
#830 = AXIS2_PLACEMENT_3D ( 'NONE', #2603, #134, #1581 ) ;
#831 = DIRECTION ( 'NONE',  ( 1.000000000000000000, 0.000000000000000000, 0.000000000000000000 ) ) ;
#832 = VECTOR ( 'NONE', #1508, 1000.000000000000000 ) ;
#833 = ORIENTED_EDGE ( 'NONE', *, *, #308, .F. ) ;
#834 = CARTESIAN_POINT ( 'NONE',  ( 113.8785589146708048, 6.547645889492105908, -59.85446460539326097 ) ) ;
#835 = DIRECTION ( 'NONE',  ( 1.000000000000000000, 1.156482317317871478E-16, 1.850371707708594366E-15 ) ) ;
#836 = ORIENTED_EDGE ( 'NONE', *, *, #1803, .T. ) ;
#837 = EDGE_LOOP ( 'NONE', ( #2583, #1432, #1029, #2170, #1228 ) ) ;
#838 = LINE ( 'NONE', #1796, #1299 ) ;
#839 = DIRECTION ( 'NONE',  ( 1.000000000000000000, 0.000000000000000000, 0.000000000000000000 ) ) ;
#840 = EDGE_CURVE ( 'NONE', #182, #1017, #244, .T. ) ;
#841 = VECTOR ( 'NONE', #2512, 1000.000000000000000 ) ;
#842 = CARTESIAN_POINT ( 'NONE',  ( -6.438198708398412395E-16, -32.11675814170136078, -4.336808689942017736E-16 ) ) ;
#843 = ORIENTED_EDGE ( 'NONE', *, *, #1869, .F. ) ;
#844 = DIRECTION ( 'NONE',  ( 0.000000000000000000, -0.7986355100472904978, 0.6018150231520514870 ) ) ;
#845 = CARTESIAN_POINT ( 'NONE',  ( 16.50000000000001421, -44.68999999999996930, 22.69561584556659639 ) ) ;
#846 = VERTEX_POINT ( 'NONE', #1450 ) ;
#847 = FACE_OUTER_BOUND ( 'NONE', #1416, .T. ) ;
#848 = EDGE_CURVE ( 'NONE', #1576, #1920, #2298, .T. ) ;
#849 = CARTESIAN_POINT ( 'NONE',  ( 112.9999999999999716, -44.68999999999996930, -60.00000000000000000 ) ) ;
#850 = VERTEX_POINT ( 'NONE', #443 ) ;
#851 = DIRECTION ( 'NONE',  ( 0.000000000000000000, -0.7986355100472904978, 0.6018150231520514870 ) ) ;
#852 = DIRECTION ( 'NONE',  ( -1.000000000000000000, 0.000000000000000000, 0.000000000000000000 ) ) ;
#853 = DIRECTION ( 'NONE',  ( 1.000000000000000000, 1.302916513955365949E-16, 0.000000000000000000 ) ) ;
#854 = DIRECTION ( 'NONE',  ( 0.000000000000000000, 0.000000000000000000, 1.000000000000000000 ) ) ;
#855 = CARTESIAN_POINT ( 'NONE',  ( 119.8274111699999622, 10.31000000000004135, -54.99999999999996447 ) ) ;
#856 = ORIENTED_EDGE ( 'NONE', *, *, #502, .T. ) ;
#857 = CARTESIAN_POINT ( 'NONE',  ( -114.6160897499767799, 7.559539368289797778, -59.50357804619011404 ) ) ;
#858 = CARTESIAN_POINT ( 'NONE',  ( -6.937339065434657434E-16, -40.25563991971686306, -4.336808689942017736E-16 ) ) ;
#859 = ORIENTED_EDGE ( 'NONE', *, *, #1665, .T. ) ;
#860 = DIRECTION ( 'NONE',  ( -1.302916513955365949E-16, 1.000000000000000000, -0.000000000000000000 ) ) ;
#861 = EDGE_CURVE ( 'NONE', #1307, #1257, #2538, .T. ) ;
#862 = VERTEX_POINT ( 'NONE', #289 ) ;
#863 = ORIENTED_EDGE ( 'NONE', *, *, #1613, .T. ) ;
#864 = DIRECTION ( 'NONE',  ( -8.326672684688674053E-15, 0.000000000000000000, 1.000000000000000000 ) ) ;
#865 = DIRECTION ( 'NONE',  ( 1.000000000000000000, 2.540825901480500680E-16, 0.000000000000000000 ) ) ;
#866 = FACE_BOUND ( 'NONE', #1688, .T. ) ;
#867 = ORIENTED_EDGE ( 'NONE', *, *, #1244, .F. ) ;
#868 = CARTESIAN_POINT ( 'NONE',  ( 91.70685139624997362, 5.310000000000036913, -34.99999999999997868 ) ) ;
#869 = DIRECTION ( 'NONE',  ( -1.000000000000000000, -1.180887321971960062E-16, 0.000000000000000000 ) ) ;
#870 = VECTOR ( 'NONE', #130, 1000.000000000000000 ) ;
#871 = EDGE_CURVE ( 'NONE', #2014, #193, #1858, .T. ) ;
#872 = ORIENTED_EDGE ( 'NONE', *, *, #2509, .F. ) ;
#873 = AXIS2_PLACEMENT_3D ( 'NONE', #2051, #1023, #1829 ) ;
#874 = DIRECTION ( 'NONE',  ( 1.302916513955365949E-16, -1.000000000000000000, 0.000000000000000000 ) ) ;
#875 = AXIS2_PLACEMENT_3D ( 'NONE', #2478, #1064, #2047 ) ;
#876 = DIRECTION ( 'NONE',  ( 1.000000000000000000, 0.000000000000000000, 0.000000000000000000 ) ) ;
#877 = ORIENTED_EDGE ( 'NONE', *, *, #596, .T. ) ;
#878 = VERTEX_POINT ( 'NONE', #1672 ) ;
#879 = LINE ( 'NONE', #2503, #1981 ) ;
#880 = CARTESIAN_POINT ( 'NONE',  ( -116.4999999999999858, -0.2099999999999511147, 10.00000000000000178 ) ) ;
#881 = EDGE_LOOP ( 'NONE', ( #1503, #2108, #2233, #2045, #2065, #594 ) ) ;
#882 = ADVANCED_FACE ( 'NONE', ( #1657 ), #1047, .T. ) ;
#883 = CYLINDRICAL_SURFACE ( 'NONE', #1335, 15.00000000000000000 ) ;
#884 = DIRECTION ( 'NONE',  ( 0.000000000000000000, -0.7986355100472904978, 0.6018150231520514870 ) ) ;
#885 = DIRECTION ( 'NONE',  ( -7.106757310125201520E-17, 0.6018150231520522642, 0.7986355100472898316 ) ) ;
#886 = EDGE_CURVE ( 'NONE', #2268, #2004, #1800, .T. ) ;
#887 = CARTESIAN_POINT ( 'NONE',  ( 123.0000000000000000, -0.2099999999999513367, 10.00000000000000000 ) ) ;
#888 = ORIENTED_EDGE ( 'NONE', *, *, #111, .T. ) ;
#889 = CARTESIAN_POINT ( 'NONE',  ( -15.00000000000001066, -10.30999999999999694, -4.999999999999962697 ) ) ;
#890 = DIRECTION ( 'NONE',  ( -7.106757310125201520E-17, 0.6018150231520522642, 0.7986355100472898316 ) ) ;
#891 = DIRECTION ( 'NONE',  ( -7.106757310125201520E-17, 0.6018150231520522642, 0.7986355100472898316 ) ) ;
#892 = VERTEX_POINT ( 'NONE', #2496 ) ;
#893 = EDGE_CURVE ( 'NONE', #1462, #610, #1874, .T. ) ;
#894 = EDGE_CURVE ( 'NONE', #2439, #2079, #115, .T. ) ;
#895 = DIRECTION ( 'NONE',  ( -1.000000000000000000, 0.000000000000000000, 0.000000000000000000 ) ) ;
#896 = CARTESIAN_POINT ( 'NONE',  ( 123.0000000000000000, -0.2099999999999509481, 13.00000000000000178 ) ) ;
#897 =( BOUNDED_CURVE ( )  B_SPLINE_CURVE ( 3, ( #1907, #1502, #1917, #1892 ),
 .UNSPECIFIED., .F., .T. ) 
 B_SPLINE_CURVE_WITH_KNOTS ( ( 4, 4 ),
 ( 3.858979571207533864E-16, 3.141592653589793116 ),
 .UNSPECIFIED. ) 
 CURVE ( )  GEOMETRIC_REPRESENTATION_ITEM ( )  RATIONAL_B_SPLINE_CURVE ( ( 1.000000000000000000, 0.3333333333333335369, 0.3333333333333335369, 1.000000000000000000 ) ) 
 REPRESENTATION_ITEM ( '' )  );
#898 = CARTESIAN_POINT ( 'NONE',  ( 109.8999999999999915, 3.810000000000039577, 10.00000000000000000 ) ) ;
#899 = ORIENTED_EDGE ( 'NONE', *, *, #41, .T. ) ;
#900 = FACE_OUTER_BOUND ( 'NONE', #1170, .T. ) ;
#901 = CARTESIAN_POINT ( 'NONE',  ( -2.700116916602141735E-15, -20.66960494966475892, 20.59121582443560072 ) ) ;
#902 = APPLICATION_CONTEXT ( 'automotive_design' ) ;
#903 = DIRECTION ( 'NONE',  ( 0.000000000000000000, 0.7986355100472897206, -0.6018150231520523752 ) ) ;
#904 = EDGE_LOOP ( 'NONE', ( #235, #2207 ) ) ;
#905 = LINE ( 'NONE', #2099, #1687 ) ;
#906 = CARTESIAN_POINT ( 'NONE',  ( 112.9999999999999716, -5.309999999999980957, -49.99999999999996447 ) ) ;
#907 = CARTESIAN_POINT ( 'NONE',  ( -116.4999999999999858, -0.2099999999999511147, 10.00000000000000178 ) ) ;
#908 = VECTOR ( 'NONE', #2275, 1000.000000000000000 ) ;
#909 = DIRECTION ( 'NONE',  ( -7.106757310125201520E-17, 0.6018150231520522642, 0.7986355100472898316 ) ) ;
#910 = AXIS2_PLACEMENT_3D ( 'NONE', #2330, #1308, #1903 ) ;
#911 = AXIS2_PLACEMENT_3D ( 'NONE', #1652, #645, #159 ) ;
#912 = TOROIDAL_SURFACE ( 'NONE', #1300, 20.00000000000000000, 5.000000000000000000 ) ;
#913 = ORIENTED_EDGE ( 'NONE', *, *, #312, .F. ) ;
#914 = ADVANCED_FACE ( 'NONE', ( #90 ), #1698, .F. ) ;
#915 = DIRECTION ( 'NONE',  ( -7.632783294297943327E-15, 0.000000000000000000, -1.000000000000000000 ) ) ;
#916 = VECTOR ( 'NONE', #1954, 1000.000000000000000 ) ;
#917 = AXIS2_PLACEMENT_3D ( 'NONE', #478, #85, #25 ) ;
#918 = FACE_OUTER_BOUND ( 'NONE', #2425, .T. ) ;
#919 = LINE ( 'NONE', #659, #1477 ) ;
#920 = ORIENTED_EDGE ( 'NONE', *, *, #1127, .F. ) ;
#921 = EDGE_CURVE ( 'NONE', #1942, #484, #2151, .T. ) ;
#922 = DIRECTION ( 'NONE',  ( 0.000000000000000000, -0.7986355100472902757, 0.6018150231520518201 ) ) ;
#923 = EDGE_LOOP ( 'NONE', ( #2593, #1894, #696, #2429 ) ) ;
#924 = LINE ( 'NONE', #1107, #2323 ) ;
#925 = CIRCLE ( 'NONE', #2413, 5.000000000000004441 ) ;
#926 = CARTESIAN_POINT ( 'NONE',  ( -113.0000000000000142, 10.31000000000000938, -55.00000000000000000 ) ) ;
#927 = DIRECTION ( 'NONE',  ( 1.302916513955365949E-16, -1.000000000000000000, 0.000000000000000000 ) ) ;
#928 = ORIENTED_EDGE ( 'NONE', *, *, #1960, .F. ) ;
#929 = EDGE_CURVE ( 'NONE', #862, #1174, #779, .T. ) ;
#930 = DIRECTION ( 'NONE',  ( -1.302916513955365949E-16, 1.000000000000000000, 0.000000000000000000 ) ) ;
#931 = PRODUCT_DEFINITION_CONTEXT ( 'detailed design', #902, 'design' ) ;
#932 = EDGE_CURVE ( 'NONE', #1338, #892, #1845, .T. ) ;
#933 = DIRECTION ( 'NONE',  ( -1.284980352575412946E-16, 1.000000000000000000, 0.000000000000000000 ) ) ;
#934 = ORIENTED_EDGE ( 'NONE', *, *, #341, .F. ) ;
#935 = CIRCLE ( 'NONE', #1916, 4.999999999999997335 ) ;
#936 = CARTESIAN_POINT ( 'NONE',  ( 112.9999999999999574, -10.30999999999997918, -55.00000000000000000 ) ) ;
#937 = ORIENTED_EDGE ( 'NONE', *, *, #722, .F. ) ;
#938 = DIRECTION ( 'NONE',  ( 8.326672684688674053E-15, -1.000000000000000000, 0.000000000000000000 ) ) ;
#939 = CIRCLE ( 'NONE', #1962, 5.000000000000004441 ) ;
#940 = AXIS2_PLACEMENT_3D ( 'NONE', #510, #700, #2174 ) ;
#941 = LINE ( 'NONE', #733, #2610 ) ;
#942 = LINE ( 'NONE', #1735, #1650 ) ;
#943 = ORIENTED_EDGE ( 'NONE', *, *, #2535, .T. ) ;
#944 = LINE ( 'NONE', #2165, #1521 ) ;
#945 = ADVANCED_FACE ( 'NONE', ( #746 ), #1915, .T. ) ;
#946 = DIRECTION ( 'NONE',  ( 0.000000000000000000, 0.000000000000000000, 1.000000000000000000 ) ) ;
#947 = EDGE_LOOP ( 'NONE', ( #2559, #671, #196, #623 ) ) ;
#948 = CARTESIAN_POINT ( 'NONE',  ( -113.0000000000000000, -5.310000000000009379, -50.00000000000001421 ) ) ;
#949 = DIRECTION ( 'NONE',  ( 1.302916513955365949E-16, -1.000000000000000000, 0.000000000000000000 ) ) ;
#950 = ORIENTED_EDGE ( 'NONE', *, *, #614, .F. ) ;
#951 = DIRECTION ( 'NONE',  ( -7.106757310125201520E-17, 0.6018150231520522642, 0.7986355100472898316 ) ) ;
#952 = DIRECTION ( 'NONE',  ( 0.000000000000000000, -0.7986355100472906088, 0.6018150231520511539 ) ) ;
#953 = CARTESIAN_POINT ( 'NONE',  ( -114.0977765000949233, 6.851910555298510452, -59.76671852056568923 ) ) ;
#954 = CARTESIAN_POINT ( 'NONE',  ( -15.00000000000000000, 10.31000000000004313, 20.00000000000000000 ) ) ;
#955 = EDGE_CURVE ( 'NONE', #396, #1486, #2486, .T. ) ;
#956 = ORIENTED_EDGE ( 'NONE', *, *, #1194, .F. ) ;
#957 = DIRECTION ( 'NONE',  ( 1.000000000000000000, 1.180887321971960062E-16, 0.000000000000000000 ) ) ;
#958 = CIRCLE ( 'NONE', #1129, 3.000000000000002665 ) ;
#959 = CIRCLE ( 'NONE', #2452, 3.250000000000000444 ) ;
#960 = EDGE_LOOP ( 'NONE', ( #1369, #1957, #867, #1680 ) ) ;
#961 = CIRCLE ( 'NONE', #35, 4.999999999999997335 ) ;
#962 = AXIS2_PLACEMENT_3D ( 'NONE', #675, #1254, #1897 ) ;
#963 = EDGE_LOOP ( 'NONE', ( #2465, #2130, #214, #1111 ) ) ;
#964 = PLANE ( 'NONE',  #2325 ) ;
#965 = EDGE_CURVE ( 'NONE', #731, #1330, #2541, .T. ) ;
#966 = SURFACE_STYLE_USAGE ( .BOTH. , #747 ) ;
#967 = CARTESIAN_POINT ( 'NONE',  ( -117.3600695181947202, 10.27200871774122959, -55.70504255978418939 ) ) ;
#968 = FACE_OUTER_BOUND ( 'NONE', #1594, .T. ) ;
#969 = CARTESIAN_POINT ( 'NONE',  ( -117.1792077303353921, 8.558085604712831085, -59.10766143924121963 ) ) ;
#970 = ORIENTED_EDGE ( 'NONE', *, *, #2554, .F. ) ;
#971 = CARTESIAN_POINT ( 'NONE',  ( 118.0000000000000000, -10.30999999999995431, 20.00000000000000000 ) ) ;
#972 = ADVANCED_FACE ( 'NONE', ( #721 ), #124, .F. ) ;
#973 = EDGE_CURVE ( 'NONE', #1017, #1372, #544, .T. ) ;
#974 = VERTEX_POINT ( 'NONE', #2142 ) ;
#975 = CARTESIAN_POINT ( 'NONE',  ( 117.6490204086452422, 10.31000000000004135, -55.00000000000000000 ) ) ;
#976 = ORIENTED_EDGE ( 'NONE', *, *, #1487, .T. ) ;
#977 = CARTESIAN_POINT ( 'NONE',  ( -116.4999999999999858, -0.2099999999999507261, 7.000000000000002665 ) ) ;
#978 = AXIS2_PLACEMENT_3D ( 'NONE', #642, #2309, #2474 ) ;
#979 = EDGE_CURVE ( 'NONE', #731, #735, #1679, .T. ) ;
#980 = CARTESIAN_POINT ( 'NONE',  ( 106.7068513962499878, -5.309999999999980957, -25.00000000000008527 ) ) ;
#981 = CARTESIAN_POINT ( 'NONE',  ( -116.8767401921628846, 10.02187787048167422, -56.70711828425766754 ) ) ;
#982 = CARTESIAN_POINT ( 'NONE',  ( -112.9000000000000057, 3.810000000000012044, 10.00000000000000000 ) ) ;
#983 = EDGE_CURVE ( 'NONE', #1099, #2041, #1151, .T. ) ;
#984 = CARTESIAN_POINT ( 'NONE',  ( -118.4071814863875005, 9.451341758290791262, -58.43418996097930318 ) ) ;
#985 = ORIENTED_EDGE ( 'NONE', *, *, #49, .F. ) ;
#986 = CARTESIAN_POINT ( 'NONE',  ( 113.1092310485610000, 5.464622010046816136, -59.99999999999998579 ) ) ;
#987 = ORIENTED_EDGE ( 'NONE', *, *, #1016, .T. ) ;
#988 = ORIENTED_EDGE ( 'NONE', *, *, #718, .T. ) ;
#989 = LINE ( 'NONE', #1371, #245 ) ;
#990 = VERTEX_POINT ( 'NONE', #896 ) ;
#991 = CARTESIAN_POINT ( 'NONE',  ( -113.0000000000000000, -10.31000000000000760, -55.00000000000000000 ) ) ;
#992 = DIRECTION ( 'NONE',  ( 0.000000000000000000, 0.000000000000000000, -1.000000000000000000 ) ) ;
#993 = DIRECTION ( 'NONE',  ( -7.106757310125201520E-17, 0.6018150231520522642, 0.7986355100472898316 ) ) ;
#994 = CARTESIAN_POINT ( 'NONE',  ( -122.9999999999999858, 7.137400000000015510, -49.99999999999999289 ) ) ;
#995 = CARTESIAN_POINT ( 'NONE',  ( -114.0058946139713214, 6.098920817605685052, -59.96358297561909723 ) ) ;
#996 = ORIENTED_EDGE ( 'NONE', *, *, #413, .F. ) ;
#997 = CARTESIAN_POINT ( 'NONE',  ( -117.6490204086452422, 10.31000000000000938, -55.00000000000000000 ) ) ;
#998 = ADVANCED_FACE ( 'NONE', ( #1124 ), #2331, .T. ) ;
#999 = ORIENTED_EDGE ( 'NONE', *, *, #536, .T. ) ;
#1000 = VERTEX_POINT ( 'NONE', #1755 ) ;
#1001 = AXIS2_PLACEMENT_3D ( 'NONE', #2531, #1524, #2551 ) ;
#1002 = VECTOR ( 'NONE', #309, 1000.000000000000000 ) ;
#1003 = CARTESIAN_POINT ( 'NONE',  ( -117.1777518836810827, 6.692059244510424776, -59.10654524263143372 ) ) ;
#1004 = FACE_OUTER_BOUND ( 'NONE', #2056, .T. ) ;
#1005 = ORIENTED_EDGE ( 'NONE', *, *, #1995, .T. ) ;
#1006 = AXIS2_PLACEMENT_3D ( 'NONE', #770, #992, #2158 ) ;
#1007 = EDGE_CURVE ( 'NONE', #1422, #792, #2024, .T. ) ;
#1008 = AXIS2_PLACEMENT_3D ( 'NONE', #1496, #1882, #1230 ) ;
#1009 = CYLINDRICAL_SURFACE ( 'NONE', #161, 4.999999999999997335 ) ;
#1010 = FACE_OUTER_BOUND ( 'NONE', #1607, .T. ) ;
#1011 = CARTESIAN_POINT ( 'NONE',  ( 117.3053625415502665, 10.25544135451632854, -55.83065091806466995 ) ) ;
#1012 = CARTESIAN_POINT ( 'NONE',  ( -117.6490204086452422, 10.31000000000000938, -55.00000000000002132 ) ) ;
#1013 = ORIENTED_EDGE ( 'NONE', *, *, #2043, .T. ) ;
#1014 = CARTESIAN_POINT ( 'NONE',  ( 113.5501284181891180, 6.087235144207788551, -59.94169040094647727 ) ) ;
#1015 = AXIS2_PLACEMENT_3D ( 'NONE', #1527, #1323, #352 ) ;
#1016 = EDGE_CURVE ( 'NONE', #140, #892, #624, .T. ) ;
#1017 = VERTEX_POINT ( 'NONE', #1309 ) ;
#1018 = ORIENTED_EDGE ( 'NONE', *, *, #1866, .F. ) ;
#1019 = EDGE_CURVE ( 'NONE', #1103, #974, #924, .T. ) ;
#1020 = DIRECTION ( 'NONE',  ( 0.000000000000000000, -0.7986355100472900537, 0.6018150231520519311 ) ) ;
#1021 = ORIENTED_EDGE ( 'NONE', *, *, #1507, .T. ) ;
#1022 = DIRECTION ( 'NONE',  ( 1.000000000000000000, 1.156482317317871478E-16, 2.312964634635742898E-14 ) ) ;
#1023 = DIRECTION ( 'NONE',  ( 7.106757310125201520E-17, -0.6018150231520522642, -0.7986355100472898316 ) ) ;
#1024 = CARTESIAN_POINT ( 'NONE',  ( 118.0868533844678012, 9.225076737224554790, -58.63224434916664052 ) ) ;
#1025 = VECTOR ( 'NONE', #1959, 1000.000000000000000 ) ;
#1026 = ORIENTED_EDGE ( 'NONE', *, *, #2191, .T. ) ;
#1027 = CARTESIAN_POINT ( 'NONE',  ( 119.3330903719424043, 7.137400000000043043, -57.76626672220896808 ) ) ;
#1028 = ORIENTED_EDGE ( 'NONE', *, *, #154, .F. ) ;
#1029 = ORIENTED_EDGE ( 'NONE', *, *, #1609, .T. ) ;
#1030 = ADVANCED_FACE ( 'NONE', ( #2132 ), #1734, .F. ) ;
#1031 = CARTESIAN_POINT ( 'NONE',  ( -93.29314860374985585, -10.31000000000000583, -54.99999999999993605 ) ) ;
#1032 = CARTESIAN_POINT ( 'NONE',  ( -2.700116916602141735E-15, -20.66960494966475892, 20.59121582443560072 ) ) ;
#1033 = VERTEX_POINT ( 'NONE', #732 ) ;
#1034 = DIRECTION ( 'NONE',  ( -1.302916513955365949E-16, 1.000000000000000000, 0.000000000000000000 ) ) ;
#1035 = FACE_OUTER_BOUND ( 'NONE', #1622, .T. ) ;
#1036 = CARTESIAN_POINT ( 'NONE',  ( 116.4999999999999858, -0.2099999999999509481, 13.00000000000000178 ) ) ;
#1037 = PLANE ( 'NONE',  #326 ) ;
#1038 = ORIENTED_EDGE ( 'NONE', *, *, #1019, .T. ) ;
#1039 = LINE ( 'NONE', #1197, #1451 ) ;
#1040 = ADVANCED_FACE ( 'NONE', ( #109 ), #2154, .T. ) ;
#1041 = CARTESIAN_POINT ( 'NONE',  ( -93.29314860375002638, 5.310000000000016485, -24.99999999999995381 ) ) ;
#1042 = ORIENTED_EDGE ( 'NONE', *, *, #1671, .F. ) ;
#1043 = ORIENTED_EDGE ( 'NONE', *, *, #2554, .T. ) ;
#1044 = CARTESIAN_POINT ( 'NONE',  ( 10.00000000000000888, -58.19377849669066194, 10.17582697787239709 ) ) ;
#1045 = FACE_OUTER_BOUND ( 'NONE', #762, .T. ) ;
#1046 = DIRECTION ( 'NONE',  ( -1.000000000000000000, -1.445602896647337931E-16, 0.000000000000000000 ) ) ;
#1047 = TOROIDAL_SURFACE ( 'NONE', #1296, 20.00000000000000000, 5.000000000000000000 ) ;
#1048 = CARTESIAN_POINT ( 'NONE',  ( -2.302106706879252504E-15, -18.07403954201106799, 18.63531699919142781 ) ) ;
#1049 = VERTEX_POINT ( 'NONE', #991 ) ;
#1050 = AXIS2_PLACEMENT_3D ( 'NONE', #1554, #1783, #2213 ) ;
#1051 = VECTOR ( 'NONE', #1483, 1000.000000000000000 ) ;
#1052 = AXIS2_PLACEMENT_3D ( 'NONE', #1234, #230, #2083 ) ;
#1053 = DIRECTION ( 'NONE',  ( -1.302916513955365949E-16, 1.000000000000000000, 0.000000000000000000 ) ) ;
#1054 = VECTOR ( 'NONE', #358, 1000.000000000000000 ) ;
#1055 = CARTESIAN_POINT ( 'NONE',  ( -17.50000000000000355, -12.80999999999999694, 20.00000000000000000 ) ) ;
#1056 = CIRCLE ( 'NONE', #333, 5.000000000000004441 ) ;
#1057 = EDGE_CURVE ( 'NONE', #12, #2014, #30, .T. ) ;
#1058 = FACE_OUTER_BOUND ( 'NONE', #2346, .T. ) ;
#1059 = ORIENTED_EDGE ( 'NONE', *, *, #1057, .T. ) ;
#1060 = EDGE_CURVE ( 'NONE', #792, #878, #1163, .T. ) ;
#1061 = DIRECTION ( 'NONE',  ( 0.000000000000000000, -0.7986355100472899426, 0.6018150231520521531 ) ) ;
#1062 = DIRECTION ( 'NONE',  ( -1.302916513955365949E-16, 1.000000000000000000, 0.000000000000000000 ) ) ;
#1063 = AXIS2_PLACEMENT_3D ( 'NONE', #2488, #1495, #2312 ) ;
#1064 = DIRECTION ( 'NONE',  ( 1.302916513955365949E-16, -1.000000000000000000, 0.000000000000000000 ) ) ;
#1065 = CARTESIAN_POINT ( 'NONE',  ( -15.00000000000001599, -10.30999999999999694, -54.99999999999995026 ) ) ;
#1066 = EDGE_LOOP ( 'NONE', ( #2237, #856, #2057, #96 ) ) ;
#1067 = CARTESIAN_POINT ( 'NONE',  ( 119.8273999999999688, 10.31000000000001116, -49.99999999999996447 ) ) ;
#1068 = CARTESIAN_POINT ( 'NONE',  ( -123.0000000000000000, -5.310000000000009379, 20.00000000000000000 ) ) ;
#1069 = DIRECTION ( 'NONE',  ( -7.106757310125201520E-17, 0.6018150231520522642, 0.7986355100472898316 ) ) ;
#1070 = EDGE_CURVE ( 'NONE', #2511, #1316, #1758, .T. ) ;
#1071 = ORIENTED_EDGE ( 'NONE', *, *, #1390, .F. ) ;
#1072 = VECTOR ( 'NONE', #485, 1000.000000000000000 ) ;
#1073 = CARTESIAN_POINT ( 'NONE',  ( -2.700116916602141735E-15, -20.66960494966475892, 20.59121582443560072 ) ) ;
#1074 = ORIENTED_EDGE ( 'NONE', *, *, #1060, .T. ) ;
#1075 = CARTESIAN_POINT ( 'NONE',  ( 119.8273999999999972, 5.310000000000041354, -55.00000000000000000 ) ) ;
#1076 = CARTESIAN_POINT ( 'NONE',  ( -93.29314860374989848, -49.68999999999998352, -49.99999999999995026 ) ) ;
#1077 = DIRECTION ( 'NONE',  ( -1.000000000000000000, 0.000000000000000000, -0.000000000000000000 ) ) ;
#1078 = CARTESIAN_POINT ( 'NONE',  ( 119.8274111699999764, 10.31000000000004135, 20.00000000000000000 ) ) ;
#1079 = ORIENTED_EDGE ( 'NONE', *, *, #1815, .T. ) ;
#1080 = ADVANCED_FACE ( 'NONE', ( #769 ), #964, .F. ) ;
#1081 = FACE_OUTER_BOUND ( 'NONE', #1400, .T. ) ;
#1082 = DIRECTION ( 'NONE',  ( 0.000000000000000000, 0.000000000000000000, -1.000000000000000000 ) ) ;
#1083 = CARTESIAN_POINT ( 'NONE',  ( 15.00000000000000000, -10.31000000000001116, 20.00000000000000000 ) ) ;
#1084 = ORIENTED_EDGE ( 'NONE', *, *, #1404, .F. ) ;
#1085 = CARTESIAN_POINT ( 'NONE',  ( 106.7068513962499878, -49.68999999999995509, -25.00000000000008527 ) ) ;
#1086 = ORIENTED_EDGE ( 'NONE', *, *, #88, .F. ) ;
#1087 = CARTESIAN_POINT ( 'NONE',  ( 119.8274111699999906, 7.137411170000041771, 20.00000000000000000 ) ) ;
#1088 = LINE ( 'NONE', #1281, #156 ) ;
#1089 = ADVANCED_FACE ( 'NONE', ( #1600 ), #2477, .F. ) ;
#1090 = DIRECTION ( 'NONE',  ( 0.000000000000000000, 0.000000000000000000, 1.000000000000000000 ) ) ;
#1091 = EDGE_LOOP ( 'NONE', ( #1452, #783, #2245, #2544 ) ) ;
#1092 = FACE_OUTER_BOUND ( 'NONE', #498, .T. ) ;
#1093 = EDGE_CURVE ( 'NONE', #2511, #567, #2227, .T. ) ;
#1094 = DIRECTION ( 'NONE',  ( 0.000000000000000000, -0.7986355100472900537, 0.6018150231520520421 ) ) ;
#1095 = AXIS2_PLACEMENT_3D ( 'NONE', #191, #175, #1193 ) ;
#1096 = AXIS2_PLACEMENT_3D ( 'NONE', #2122, #2539, #108 ) ;
#1097 = LINE ( 'NONE', #1250, #717 ) ;
#1098 = CIRCLE ( 'NONE', #1552, 3.000000000000002665 ) ;
#1099 = VERTEX_POINT ( 'NONE', #568 ) ;
#1100 = ORIENTED_EDGE ( 'NONE', *, *, #2166, .F. ) ;
#1101 = EDGE_CURVE ( 'NONE', #2505, #1372, #1373, .T. ) ;
#1102 = EDGE_CURVE ( 'NONE', #24, #182, #838, .T. ) ;
#1103 = VERTEX_POINT ( 'NONE', #1976 ) ;
#1104 = VECTOR ( 'NONE', #725, 1000.000000000000000 ) ;
#1105 = DIRECTION ( 'NONE',  ( 7.106757310125201520E-17, -0.6018150231520522642, -0.7986355100472898316 ) ) ;
#1106 = AXIS2_PLACEMENT_3D ( 'NONE', #2569, #1969, #1515 ) ;
#1107 = CARTESIAN_POINT ( 'NONE',  ( -108.2931486037500122, -5.310000000000009379, -25.00000000000005684 ) ) ;
#1108 = ADVANCED_FACE ( 'NONE', ( #1203 ), #43, .F. ) ;
#1109 = CARTESIAN_POINT ( 'NONE',  ( 10.00000000000000711, -38.09272897990539519, 36.85082064825746073 ) ) ;
#1110 = B_SPLINE_CURVE_WITH_KNOTS ( 'NONE', 3,
 ( #631, #1027, #1412, #233, #1821, #617, #434, #1423, #1210, #2208, #1791, #2221 ),
 .UNSPECIFIED., .F., .F.,
 ( 4, 2, 2, 2, 2, 4 ),
 ( 0.000000000000000000, 0.001932995451939578061, 0.003865990903879156122, 0.005798986355818734617, 0.006765484081788523431, 0.007731981807758312245 ),
 .UNSPECIFIED. ) ;
#1111 = ORIENTED_EDGE ( 'NONE', *, *, #2003, .F. ) ;
#1112 = DIRECTION ( 'NONE',  ( 0.000000000000000000, -1.000000000000000000, 0.000000000000000000 ) ) ;
#1113 = EDGE_LOOP ( 'NONE', ( #16, #1074, #306, #1289 ) ) ;
#1114 = CARTESIAN_POINT ( 'NONE',  ( -93.29314860375001217, -49.68999999999998352, -34.99999999999995026 ) ) ;
#1115 = DIRECTION ( 'NONE',  ( -7.106757310125202753E-17, 0.6018150231520522642, 0.7986355100472898316 ) ) ;
#1116 = DIRECTION ( 'NONE',  ( -1.302916513955365949E-16, 1.000000000000000000, -0.000000000000000000 ) ) ;
#1117 = ORIENTED_EDGE ( 'NONE', *, *, #430, .T. ) ;
#1118 = DIRECTION ( 'NONE',  ( -1.000000000000000000, -1.302916513955365949E-16, 0.000000000000000000 ) ) ;
#1119 = EDGE_CURVE ( 'NONE', #1162, #1353, #1391, .T. ) ;
#1120 = FACE_BOUND ( 'NONE', #2422, .T. ) ;
#1121 = EDGE_CURVE ( 'NONE', #2501, #2525, #2289, .T. ) ;
#1122 = ORIENTED_EDGE ( 'NONE', *, *, #1752, .T. ) ;
#1123 = CARTESIAN_POINT ( 'NONE',  ( -119.8274111699999906, 7.137411170000010685, 0.000000000000000000 ) ) ;
#1124 = FACE_OUTER_BOUND ( 'NONE', #340, .T. ) ;
#1125 = VECTOR ( 'NONE', #1535, 1000.000000000000000 ) ;
#1126 = DIRECTION ( 'NONE',  ( 0.000000000000000000, 0.000000000000000000, -1.000000000000000000 ) ) ;
#1127 = EDGE_CURVE ( 'NONE', #2226, #24, #2403, .T. ) ;
#1128 = VECTOR ( 'NONE', #2181, 1000.000000000000000 ) ;
#1129 = AXIS2_PLACEMENT_3D ( 'NONE', #252, #1062, #1864 ) ;
#1130 = CIRCLE ( 'NONE', #2609, 5.000000000000004441 ) ;
#1131 = CYLINDRICAL_SURFACE ( 'NONE', #117, 3.250000000000005329 ) ;
#1132 = ORIENTED_EDGE ( 'NONE', *, *, #183, .F. ) ;
#1133 = DIRECTION ( 'NONE',  ( 8.326672684688678786E-15, 0.000000000000000000, 1.000000000000000000 ) ) ;
#1134 = VECTOR ( 'NONE', #2097, 1000.000000000000000 ) ;
#1135 = VECTOR ( 'NONE', #225, 1000.000000000000000 ) ;
#1136 =( LENGTH_UNIT ( ) NAMED_UNIT ( * ) SI_UNIT ( .MILLI., .METRE. ) );
#1137 = ORIENTED_EDGE ( 'NONE', *, *, #2236, .T. ) ;
#1138 = CARTESIAN_POINT ( 'NONE',  ( -93.29314860375002638, 5.310000000000016485, -34.99999999999995026 ) ) ;
#1139 = DIRECTION ( 'NONE',  ( 0.000000000000000000, -0.7986355100472899426, 0.6018150231520521531 ) ) ;
#1140 = ORIENTED_EDGE ( 'NONE', *, *, #2081, .F. ) ;
#1141 = CARTESIAN_POINT ( 'NONE',  ( 116.4999999999999858, -0.2099999999999513367, 10.00000000000000000 ) ) ;
#1142 = FACE_OUTER_BOUND ( 'NONE', #1196, .T. ) ;
#1143 = FACE_OUTER_BOUND ( 'NONE', #152, .T. ) ;
#1144 = EDGE_CURVE ( 'NONE', #1049, #2493, #2201, .T. ) ;
#1145 = DIRECTION ( 'NONE',  ( -0.000000000000000000, -0.000000000000000000, 1.000000000000000000 ) ) ;
#1146 = EDGE_LOOP ( 'NONE', ( #987, #1727, #1494, #293 ) ) ;
#1147 = CARTESIAN_POINT ( 'NONE',  ( 109.8999999999999915, 10.31000000000003958, 10.00000000000000000 ) ) ;
#1148 = ORIENTED_EDGE ( 'NONE', *, *, #1428, .F. ) ;
#1149 = LINE ( 'NONE', #782, #1128 ) ;
#1150 = ORIENTED_EDGE ( 'NONE', *, *, #983, .T. ) ;
#1151 = LINE ( 'NONE', #145, #823 ) ;
#1152 = EDGE_CURVE ( 'NONE', #595, #1436, #958, .T. ) ;
#1153 = AXIS2_PLACEMENT_3D ( 'NONE', #1955, #749, #360 ) ;
#1154 = CARTESIAN_POINT ( 'NONE',  ( -14.99999999999999645, -39.68999999999998352, 38.05445069456157370 ) ) ;
#1155 = DIRECTION ( 'NONE',  ( -1.000000000000000000, 0.000000000000000000, 6.938893903907222067E-15 ) ) ;
#1156 = CIRCLE ( 'NONE', #1616, 20.00000000000000355 ) ;
#1157 = EDGE_LOOP ( 'NONE', ( #2044, #167 ) ) ;
#1158 = DIRECTION ( 'NONE',  ( 1.000000000000000000, 1.180887321971960062E-16, 0.000000000000000000 ) ) ;
#1159 = VERTEX_POINT ( 'NONE', #758 ) ;
#1160 = ADVANCED_FACE ( 'NONE', ( #1361 ), #1569, .F. ) ;
#1161 = FACE_OUTER_BOUND ( 'NONE', #1675, .T. ) ;
#1162 = VERTEX_POINT ( 'NONE', #1993 ) ;
#1163 = LINE ( 'NONE', #977, #908 ) ;
#1164 = CARTESIAN_POINT ( 'NONE',  ( 112.9000000000000057, 3.810000000000040021, 10.00000000000000000 ) ) ;
#1165 = ADVANCED_FACE ( 'NONE', ( #2215 ), #1405, .T. ) ;
#1166 = CARTESIAN_POINT ( 'NONE',  ( 17.50000000000000000, -10.30999999999995076, 0.000000000000000000 ) ) ;
#1167 = DIRECTION ( 'NONE',  ( 1.000000000000000000, 1.302916513955365949E-16, 0.000000000000000000 ) ) ;
#1168 = VECTOR ( 'NONE', #1179, 1000.000000000000000 ) ;
#1169 = LINE ( 'NONE', #533, #581 ) ;
#1170 = EDGE_LOOP ( 'NONE', ( #2395, #1137, #123, #398 ) ) ;
#1171 = LINE ( 'NONE', #1728, #1181 ) ;
#1172 = VECTOR ( 'NONE', #801, 1000.000000000000000 ) ;
#1173 = MECHANICAL_DESIGN_GEOMETRIC_PRESENTATION_REPRESENTATION (  '', ( #208 ), #1983 ) ;
#1174 = VERTEX_POINT ( 'NONE', #82 ) ;
#1175 = CARTESIAN_POINT ( 'NONE',  ( -14.99999999999999645, -44.68999999999996930, 0.000000000000000000 ) ) ;
#1176 = EDGE_LOOP ( 'NONE', ( #469, #676, #1424, #2314, #608 ) ) ;
#1177 = DIRECTION ( 'NONE',  ( 0.000000000000000000, 0.000000000000000000, -1.000000000000000000 ) ) ;
#1178 = FACE_OUTER_BOUND ( 'NONE', #2615, .T. ) ;
#1179 = DIRECTION ( 'NONE',  ( -1.302916513955365949E-16, 1.000000000000000000, -0.000000000000000000 ) ) ;
#1180 = AXIS2_PLACEMENT_3D ( 'NONE', #1676, #2286, #1061 ) ;
#1181 = VECTOR ( 'NONE', #2347, 1000.000000000000000 ) ;
#1182 = DIRECTION ( 'NONE',  ( 0.000000000000000000, 0.000000000000000000, 1.000000000000000000 ) ) ;
#1183 = ORIENTED_EDGE ( 'NONE', *, *, #194, .T. ) ;
#1184 = CARTESIAN_POINT ( 'NONE',  ( 114.0977765000949233, 6.851910555298586836, -59.76671852056567502 ) ) ;
#1185 = ORIENTED_EDGE ( 'NONE', *, *, #353, .T. ) ;
#1186 = VERTEX_POINT ( 'NONE', #2303 ) ;
#1187 = CIRCLE ( 'NONE', #2266, 5.000000000000004441 ) ;
#1188 = CARTESIAN_POINT ( 'NONE',  ( 10.00000000000000888, -51.63356700082656658, 18.88152167219343980 ) ) ;
#1189 = VERTEX_POINT ( 'NONE', #466 ) ;
#1190 = CARTESIAN_POINT ( 'NONE',  ( -113.2931486037500264, 5.310000000000016485, -25.00000000000005684 ) ) ;
#1191 = DIRECTION ( 'NONE',  ( 1.302916513955365949E-16, -1.000000000000000000, 0.000000000000000000 ) ) ;
#1192 = CARTESIAN_POINT ( 'NONE',  ( -117.0448092217418719, 10.12847565704148245, -56.37873415441327296 ) ) ;
#1193 = DIRECTION ( 'NONE',  ( -1.000000000000000000, -1.445602896647337931E-16, 0.000000000000000000 ) ) ;
#1194 = EDGE_CURVE ( 'NONE', #1372, #177, #1088, .T. ) ;
#1195 = DIRECTION ( 'NONE',  ( 0.000000000000000000, 0.000000000000000000, 1.000000000000000000 ) ) ;
#1196 = EDGE_LOOP ( 'NONE', ( #1100, #1346, #2349, #720 ) ) ;
#1197 = CARTESIAN_POINT ( 'NONE',  ( -123.0000000000000000, 7.137411169999987592, 20.00000000000000000 ) ) ;
#1198 = VERTEX_POINT ( 'NONE', #2106 ) ;
#1199 = EDGE_CURVE ( 'NONE', #576, #20, #1635, .T. ) ;
#1200 = ORIENTED_EDGE ( 'NONE', *, *, #2382, .T. ) ;
#1201 = CARTESIAN_POINT ( 'NONE',  ( -109.8999999999999915, 3.810000000000012488, 10.00000000000000000 ) ) ;
#1202 = VERTEX_POINT ( 'NONE', #1467 ) ;
#1203 = FACE_OUTER_BOUND ( 'NONE', #1091, .T. ) ;
#1204 = CARTESIAN_POINT ( 'NONE',  ( 91.70685139624998783, -5.309999999999980957, -24.99999999999997513 ) ) ;
#1205 = DIRECTION ( 'NONE',  ( 1.000000000000000000, 1.284980352575412946E-16, -0.000000000000000000 ) ) ;
#1206 = CARTESIAN_POINT ( 'NONE',  ( 119.3060060078498452, 7.117459903203203986, -57.76809077702856854 ) ) ;
#1207 = CARTESIAN_POINT ( 'NONE',  ( -113.5022296587347768, 5.703868151131353592, -59.99999999999522515 ) ) ;
#1208 = ORIENTED_EDGE ( 'NONE', *, *, #1284, .F. ) ;
#1209 = EDGE_CURVE ( 'NONE', #1462, #182, #879, .T. ) ;
#1210 = CARTESIAN_POINT ( 'NONE',  ( 114.2200042691125930, 5.739063016731474676, -59.93000740975267604 ) ) ;
#1211 = ORIENTED_EDGE ( 'NONE', *, *, #848, .F. ) ;
#1212 = VERTEX_POINT ( 'NONE', #1692 ) ;
#1213 = AXIS2_PLACEMENT_3D ( 'NONE', #982, #2012, #2023 ) ;
#1214 = TOROIDAL_SURFACE ( 'NONE', #2120, 20.00000000000000000, 5.000000000000000000 ) ;
#1215 = AXIS2_PLACEMENT_3D ( 'NONE', #1627, #2445, #142 ) ;
#1216 = CARTESIAN_POINT ( 'NONE',  ( -113.0000000000000000, 5.310000000000022702, -60.00000000000000000 ) ) ;
#1217 = LINE ( 'NONE', #2048, #1938 ) ;
#1218 = ORIENTED_EDGE ( 'NONE', *, *, #515, .F. ) ;
#1219 = VECTOR ( 'NONE', #903, 1000.000000000000227 ) ;
#1220 = DIRECTION ( 'NONE',  ( -1.000000000000000000, -1.156482317317871478E-16, 1.850371707708594366E-15 ) ) ;
#1221 = DIRECTION ( 'NONE',  ( 0.000000000000000000, 0.000000000000000000, -1.000000000000000000 ) ) ;
#1222 = CARTESIAN_POINT ( 'NONE',  ( 116.8232984887165884, 6.586930972668048945, -59.24539285908559805 ) ) ;
#1223 = LINE ( 'NONE', #192, #457 ) ;
#1224 = ORIENTED_EDGE ( 'NONE', *, *, #1995, .F. ) ;
#1225 = EDGE_CURVE ( 'NONE', #1942, #1330, #2092, .T. ) ;
#1226 = DIRECTION ( 'NONE',  ( 1.000000000000000000, 0.000000000000000000, 0.000000000000000000 ) ) ;
#1227 = CIRCLE ( 'NONE', #1948, 20.00000000000000355 ) ;
#1228 = ORIENTED_EDGE ( 'NONE', *, *, #278, .F. ) ;
#1229 = ORIENTED_EDGE ( 'NONE', *, *, #894, .F. ) ;
#1230 = DIRECTION ( 'NONE',  ( 0.000000000000000000, 0.000000000000000000, 1.000000000000000000 ) ) ;
#1231 = DIRECTION ( 'NONE',  ( -0.6809357015328286744, 0.000000000000000000, 0.7323432053197425073 ) ) ;
#1232 = VERTEX_POINT ( 'NONE', #1267 ) ;
#1233 = DIRECTION ( 'NONE',  ( -1.302916513955365949E-16, 1.000000000000000000, 0.000000000000000000 ) ) ;
#1234 = CARTESIAN_POINT ( 'NONE',  ( 118.0000000000000000, -5.309999999999979181, 20.00000000000000000 ) ) ;
#1235 = EDGE_CURVE ( 'NONE', #630, #2471, #266, .T. ) ;
#1236 = DIRECTION ( 'NONE',  ( 1.284980352575412946E-16, -1.000000000000000000, -0.000000000000000000 ) ) ;
#1237 = ORIENTED_EDGE ( 'NONE', *, *, #932, .T. ) ;
#1238 = DIRECTION ( 'NONE',  ( -1.284980352575412946E-16, 1.000000000000000000, 0.000000000000000000 ) ) ;
#1239 = ORIENTED_EDGE ( 'NONE', *, *, #1972, .F. ) ;
#1240 = ORIENTED_EDGE ( 'NONE', *, *, #619, .F. ) ;
#1241 = DIRECTION ( 'NONE',  ( 0.000000000000000000, -0.7986355100472906088, 0.6018150231520511539 ) ) ;
#1242 = CARTESIAN_POINT ( 'NONE',  ( 123.0000000000000142, -5.309999999999980957, -49.99999999999996447 ) ) ;
#1243 = ORIENTED_EDGE ( 'NONE', *, *, #2010, .T. ) ;
#1244 = EDGE_CURVE ( 'NONE', #1265, #2599, #33, .T. ) ;
#1245 = CARTESIAN_POINT ( 'NONE',  ( 111.7068513962499736, -5.309999999999980957, -34.99999999999983658 ) ) ;
#1246 = CARTESIAN_POINT ( 'NONE',  ( -5.040783960850393155E-16, -40.86338792866448699, -2.883559024527136305 ) ) ;
#1247 = CARTESIAN_POINT ( 'NONE',  ( -118.0000000000000000, -5.310000000000009379, 20.00000000000000000 ) ) ;
#1248 = EDGE_CURVE ( 'NONE', #227, #2493, #673, .T. ) ;
#1249 = ORIENTED_EDGE ( 'NONE', *, *, #1869, .T. ) ;
#1250 = CARTESIAN_POINT ( 'NONE',  ( -1.700795138416914068E-16, -36.12849023657263814, -5.323748302227265583 ) ) ;
#1251 = ORIENTED_EDGE ( 'NONE', *, *, #2431, .F. ) ;
#1252 = ORIENTED_EDGE ( 'NONE', *, *, #1446, .T. ) ;
#1253 = DIRECTION ( 'NONE',  ( -0.000000000000000000, -0.000000000000000000, 1.000000000000000000 ) ) ;
#1254 = DIRECTION ( 'NONE',  ( -1.000000000000000000, 8.326672684688672475E-15, 0.000000000000000000 ) ) ;
#1255 = VECTOR ( 'NONE', #243, 1000.000000000000000 ) ;
#1256 = DIRECTION ( 'NONE',  ( -1.000000000000000000, 0.000000000000000000, 0.000000000000000000 ) ) ;
#1257 = VERTEX_POINT ( 'NONE', #2145 ) ;
#1258 = CIRCLE ( 'NONE', #2028, 2.000000000000002220 ) ;
#1259 = CIRCLE ( 'NONE', #1381, 20.00000000000000355 ) ;
#1260 = VECTOR ( 'NONE', #2461, 1000.000000000000000 ) ;
#1261 = DIRECTION ( 'NONE',  ( 0.000000000000000000, -0.7986355100472904978, 0.6018150231520514870 ) ) ;
#1262 = CARTESIAN_POINT ( 'NONE',  ( -93.29314860375001217, -5.310000000000002274, -34.99999999999995026 ) ) ;
#1263 = ORIENTED_EDGE ( 'NONE', *, *, #1093, .T. ) ;
#1264 = FACE_OUTER_BOUND ( 'NONE', #2112, .T. ) ;
#1265 = VERTEX_POINT ( 'NONE', #1711 ) ;
#1266 = CYLINDRICAL_SURFACE ( 'NONE', #1063, 3.000000000000000888 ) ;
#1267 = CARTESIAN_POINT ( 'NONE',  ( -6.438198708398412395E-16, -32.11675814170136078, -4.336808689942017736E-16 ) ) ;
#1268 = AXIS2_PLACEMENT_3D ( 'NONE', #1909, #1482, #1921 ) ;
#1269 = DIRECTION ( 'NONE',  ( 0.000000000000000000, -0.7986355100472898316, 0.6018150231520522642 ) ) ;
#1270 = DIRECTION ( 'NONE',  ( -1.000000000000000000, 0.000000000000000000, 0.000000000000000000 ) ) ;
#1271 = PLANE ( 'NONE',  #1475 ) ;
#1272 = ORIENTED_EDGE ( 'NONE', *, *, #1007, .F. ) ;
#1273 = CARTESIAN_POINT ( 'NONE',  ( -115.0200880440686291, 8.092920064373590350, -59.20065862453645167 ) ) ;
#1274 = DIRECTION ( 'NONE',  ( -0.000000000000000000, 0.000000000000000000, -1.000000000000000000 ) ) ;
#1275 = CYLINDRICAL_SURFACE ( 'NONE', #1376, 2.000000000000002220 ) ;
#1276 = DIRECTION ( 'NONE',  ( -1.284980352575412946E-16, 1.000000000000000000, 0.000000000000000000 ) ) ;
#1277 = EDGE_CURVE ( 'NONE', #2320, #383, #1169, .T. ) ;
#1278 = FACE_OUTER_BOUND ( 'NONE', #1176, .T. ) ;
#1279 = ORIENTED_EDGE ( 'NONE', *, *, #1752, .F. ) ;
#1280 = CYLINDRICAL_SURFACE ( 'NONE', #2086, 5.000000000000000000 ) ;
#1281 = CARTESIAN_POINT ( 'NONE',  ( -14.99999999999999645, -39.68999999999998352, 38.05445069456157370 ) ) ;
#1282 = AXIS2_PLACEMENT_3D ( 'NONE', #1940, #2187, #1155 ) ;
#1283 = DIRECTION ( 'NONE',  ( 0.000000000000000000, 0.000000000000000000, 1.000000000000000000 ) ) ;
#1284 = EDGE_CURVE ( 'NONE', #1295, #1712, #1259, .T. ) ;
#1285 = CIRCLE ( 'NONE', #810, 3.250000000000000444 ) ;
#1286 = ORIENTED_EDGE ( 'NONE', *, *, #2231, .F. ) ;
#1287 = DIRECTION ( 'NONE',  ( 1.000000000000000000, 0.000000000000000000, 0.000000000000000000 ) ) ;
#1288 = CARTESIAN_POINT ( 'NONE',  ( 119.8093570153282883, 7.137400000000043043, -57.32343205319740775 ) ) ;
#1289 = ORIENTED_EDGE ( 'NONE', *, *, #1815, .F. ) ;
#1290 = DIRECTION ( 'NONE',  ( 1.284980352575412946E-16, -1.000000000000000000, -0.000000000000000000 ) ) ;
#1291 = ADVANCED_FACE ( 'NONE', ( #2335 ), #1131, .F. ) ;
#1292 = VERTEX_POINT ( 'NONE', #2163 ) ;
#1293 = DIRECTION ( 'NONE',  ( -7.106757310125201520E-17, 0.6018150231520522642, 0.7986355100472898316 ) ) ;
#1294 = EDGE_CURVE ( 'NONE', #396, #576, #339, .T. ) ;
#1295 = VERTEX_POINT ( 'NONE', #2134 ) ;
#1296 = AXIS2_PLACEMENT_3D ( 'NONE', #1262, #75, #260 ) ;
#1297 = CARTESIAN_POINT ( 'NONE',  ( 123.0000000000000000, -10.30999999999995076, 20.00000000000000000 ) ) ;
#1298 = CARTESIAN_POINT ( 'NONE',  ( -6.438198708398412395E-16, -32.11675814170136078, -4.336808689942017736E-16 ) ) ;
#1299 = VECTOR ( 'NONE', #2588, 1000.000000000000000 ) ;
#1300 = AXIS2_PLACEMENT_3D ( 'NONE', #2354, #2228, #1601 ) ;
#1301 = CARTESIAN_POINT ( 'NONE',  ( -108.2931486037500122, -49.68999999999998352, -34.99999999999984368 ) ) ;
#1302 = CIRCLE ( 'NONE', #373, 2.000000000000002220 ) ;
#1303 = ORIENTED_EDGE ( 'NONE', *, *, #106, .F. ) ;
#1304 = FACE_OUTER_BOUND ( 'NONE', #411, .T. ) ;
#1305 = CARTESIAN_POINT ( 'NONE',  ( -108.2931486037500264, 5.310000000000016485, -34.99999999999984368 ) ) ;
#1306 = DIRECTION ( 'NONE',  ( 0.000000000000000000, -0.7986355100472898316, 0.6018150231520522642 ) ) ;
#1307 = VERTEX_POINT ( 'NONE', #1956 ) ;
#1308 = DIRECTION ( 'NONE',  ( -7.106757310125201520E-17, 0.6018150231520522642, 0.7986355100472898316 ) ) ;
#1309 = CARTESIAN_POINT ( 'NONE',  ( -15.00000000000000533, -12.80999999999999517, 20.00000000000000000 ) ) ;
#1310 = EDGE_CURVE ( 'NONE', #1265, #140, #136, .T. ) ;
#1311 = FACE_BOUND ( 'NONE', #42, .T. ) ;
#1312 = CARTESIAN_POINT ( 'NONE',  ( 123.0000000000000000, 7.137399999999989753, -60.00000000000000000 ) ) ;
#1313 = ORIENTED_EDGE ( 'NONE', *, *, #2617, .T. ) ;
#1314 = DIRECTION ( 'NONE',  ( -1.000000000000000000, -1.302916513955365949E-16, 1.500301384628591852E-16 ) ) ;
#1315 = VECTOR ( 'NONE', #2234, 1000.000000000000000 ) ;
#1316 = VERTEX_POINT ( 'NONE', #591 ) ;
#1317 = TOROIDAL_SURFACE ( 'NONE', #1660, 20.00000000000000000, 5.000000000000000000 ) ;
#1318 = EDGE_CURVE ( 'NONE', #66, #1202, #1223, .T. ) ;
#1319 = DIRECTION ( 'NONE',  ( 0.000000000000000000, 0.000000000000000000, 1.000000000000000000 ) ) ;
#1320 = DIRECTION ( 'NONE',  ( 0.000000000000000000, -0.7986355100472894986, 0.6018150231520528193 ) ) ;
#1321 = LINE ( 'NONE', #2133, #786 ) ;
#1322 = ORIENTED_EDGE ( 'NONE', *, *, #424, .T. ) ;
#1323 = DIRECTION ( 'NONE',  ( 1.284980352575412946E-16, -1.000000000000000000, -0.000000000000000000 ) ) ;
#1324 = CARTESIAN_POINT ( 'NONE',  ( -9.999999999999991118, -54.22913240848026106, 20.83742049743760916 ) ) ;
#1325 = EDGE_LOOP ( 'NONE', ( #2256, #2466, #633, #2182 ) ) ;
#1326 = AXIS2_PLACEMENT_3D ( 'NONE', #1562, #1352, #547 ) ;
#1327 = CARTESIAN_POINT ( 'NONE',  ( -9.999999999999991118, -49.03800159317287211, 16.92562284694926689 ) ) ;
#1328 = ADVANCED_FACE ( 'NONE', ( #1604 ), #287, .T. ) ;
#1329 = DIRECTION ( 'NONE',  ( -1.500301384628591852E-16, -1.954767449942693527E-32, -1.000000000000000000 ) ) ;
#1330 = VERTEX_POINT ( 'NONE', #615 ) ;
#1331 = CARTESIAN_POINT ( 'NONE',  ( -93.29314860374989848, -5.310000000000006715, -4.999999999999952927 ) ) ;
#1332 = FACE_OUTER_BOUND ( 'NONE', #2176, .T. ) ;
#1333 = AXIS2_PLACEMENT_3D ( 'NONE', #1966, #2342, #2517 ) ;
#1334 = CARTESIAN_POINT ( 'NONE',  ( 119.8274111699999764, 10.31000000000004313, 20.00000000000000000 ) ) ;
#1335 = AXIS2_PLACEMENT_3D ( 'NONE', #1114, #689, #895 ) ;
#1336 = AXIS2_PLACEMENT_3D ( 'NONE', #570, #1797, #2216 ) ;
#1337 = DIRECTION ( 'NONE',  ( -1.000000000000000000, -8.673617379884034239E-17, 0.000000000000000000 ) ) ;
#1338 = VERTEX_POINT ( 'NONE', #2582 ) ;
#1339 = DIRECTION ( 'NONE',  ( 1.000000000000000000, 1.180887321971960062E-16, 0.000000000000000000 ) ) ;
#1340 = COLOUR_RGB ( '',0.7921568627450980005, 0.8196078431372548767, 0.9333333333333333481 ) ;
#1341 = FACE_OUTER_BOUND ( 'NONE', #370, .T. ) ;
#1342 = AXIS2_PLACEMENT_3D ( 'NONE', #95, #946, #726 ) ;
#1343 = ADVANCED_FACE ( 'NONE', ( #2391 ), #2244, .F. ) ;
#1344 = ORIENTED_EDGE ( 'NONE', *, *, #1473, .T. ) ;
#1345 = CARTESIAN_POINT ( 'NONE',  ( 118.0000000000000000, -5.309999999999979181, 20.00000000000000000 ) ) ;
#1346 = ORIENTED_EDGE ( 'NONE', *, *, #212, .T. ) ;
#1347 = DIRECTION ( 'NONE',  ( 0.000000000000000000, -0.7986355100472906088, 0.6018150231520511539 ) ) ;
#1348 = AXIS2_PLACEMENT_3D ( 'NONE', #2321, #2370, #1133 ) ;
#1349 = DIRECTION ( 'NONE',  ( -1.000000000000000000, -0.000000000000000000, -0.000000000000000000 ) ) ;
#1350 = VECTOR ( 'NONE', #1339, 1000.000000000000000 ) ;
#1351 = CARTESIAN_POINT ( 'NONE',  ( -116.5234763258131778, 9.746795801090168965, -57.33042676825735384 ) ) ;
#1352 = DIRECTION ( 'NONE',  ( 1.284980352575412946E-16, -1.000000000000000000, -0.000000000000000000 ) ) ;
#1353 = VERTEX_POINT ( 'NONE', #1068 ) ;
#1354 = EDGE_CURVE ( 'NONE', #1000, #2001, #1258, .T. ) ;
#1355 = LINE ( 'NONE', #2571, #1025 ) ;
#1356 = ORIENTED_EDGE ( 'NONE', *, *, #2451, .F. ) ;
#1357 = AXIS2_PLACEMENT_3D ( 'NONE', #2015, #1379, #2410 ) ;
#1358 = ADVANCED_FACE ( 'NONE', ( #663 ), #773, .F. ) ;
#1359 = CYLINDRICAL_SURFACE ( 'NONE', #826, 3.250000000000005329 ) ;
#1360 = EDGE_LOOP ( 'NONE', ( #950, #1344, #2533, #2007 ) ) ;
#1361 = FACE_OUTER_BOUND ( 'NONE', #881, .T. ) ;
#1362 = B_SPLINE_CURVE_WITH_KNOTS ( 'NONE', 3,
 ( #1570, #359, #967, #1192, #981, #1351, #1816, #1979, #174, #802, #2173, #406, #2367, #953, #163, #190, #1757, #748, #760, #1998 ),
 .UNSPECIFIED., .F., .F.,
 ( 4, 2, 2, 2, 2, 2, 2, 2, 2, 4 ),
 ( 0.000000000000000000, 0.001135876885106509859, 0.002271753770213019719, 0.003407630655319529578, 0.004543507540426039437, 0.005679384425532548429, 0.006815261310639059156, 0.007951138195745569015, 0.008519076638298837822, 0.009087015080852106630 ),
 .UNSPECIFIED. ) ;
#1363 = CARTESIAN_POINT ( 'NONE',  ( -9.999999999999991118, -56.59650747659608072, 8.972196931568293010 ) ) ;
#1364 = LINE ( 'NONE', #1561, #1590 ) ;
#1365 = CARTESIAN_POINT ( 'NONE',  ( -115.9000000000000057, 3.810000000000011600, 10.00000000000000000 ) ) ;
#1366 = VERTEX_POINT ( 'NONE', #1888 ) ;
#1367 = LINE ( 'NONE', #1631, #1699 ) ;
#1368 = ADVANCED_FACE ( 'NONE', ( #710 ), #883, .F. ) ;
#1369 = ORIENTED_EDGE ( 'NONE', *, *, #341, .T. ) ;
#1370 = ADVANCED_FACE ( 'NONE', ( #1092 ), #1980, .T. ) ;
#1371 = CARTESIAN_POINT ( 'NONE',  ( 123.0000000000000142, -44.68999999999996930, -49.99999999999996447 ) ) ;
#1372 = VERTEX_POINT ( 'NONE', #2341 ) ;
#1373 = LINE ( 'NONE', #2020, #330 ) ;
#1374 = DIRECTION ( 'NONE',  ( 0.000000000000000000, -0.7986355100472902757, 0.6018150231520518201 ) ) ;
#1375 = CARTESIAN_POINT ( 'NONE',  ( 117.4718806939974769, 8.777494685083112813, -58.96851656387168816 ) ) ;
#1376 = AXIS2_PLACEMENT_3D ( 'NONE', #231, #651, #2101 ) ;
#1377 = CARTESIAN_POINT ( 'NONE',  ( -117.4718806940006459, 8.777494685082499970, -58.96851656387169527 ) ) ;
#1378 = EDGE_LOOP ( 'NONE', ( #2308, #1240, #1640, #2381, #1425, #2049 ) ) ;
#1379 = DIRECTION ( 'NONE',  ( -1.284980352575412946E-16, 1.000000000000000000, 0.000000000000000000 ) ) ;
#1380 = AXIS2_PLACEMENT_3D ( 'NONE', #566, #1388, #2574 ) ;
#1381 = AXIS2_PLACEMENT_3D ( 'NONE', #1987, #2519, #1337 ) ;
#1382 = AXIS2_PLACEMENT_3D ( 'NONE', #189, #2037, #1022 ) ;
#1383 = VERTEX_POINT ( 'NONE', #1913 ) ;
#1384 = AXIS2_PLACEMENT_3D ( 'NONE', #559, #348, #952 ) ;
#1385 = EDGE_LOOP ( 'NONE', ( #1491, #150, #2336, #264 ) ) ;
#1386 = TOROIDAL_SURFACE ( 'NONE', #249, 20.00000000000000000, 5.000000000000000000 ) ;
#1387 = CYLINDRICAL_SURFACE ( 'NONE', #542, 5.000000000000004441 ) ;
#1388 = DIRECTION ( 'NONE',  ( 0.000000000000000000, 0.000000000000000000, 1.000000000000000000 ) ) ;
#1389 = ORIENTED_EDGE ( 'NONE', *, *, #507, .F. ) ;
#1390 = EDGE_CURVE ( 'NONE', #2597, #1295, #99, .T. ) ;
#1391 = LINE ( 'NONE', #2195, #2524 ) ;
#1392 = CARTESIAN_POINT ( 'NONE',  ( -113.2931486037500264, 10.31000000000000938, 20.00000000000000000 ) ) ;
#1393 = CARTESIAN_POINT ( 'NONE',  ( 112.9999999999999716, 5.310000000000040465, -60.00000000000000000 ) ) ;
#1394 = AXIS2_PLACEMENT_3D ( 'NONE', #1087, #2105, #53 ) ;
#1395 = EDGE_CURVE ( 'NONE', #846, #567, #702, .T. ) ;
#1396 = CARTESIAN_POINT ( 'NONE',  ( -115.6103188100858574, 8.803846375355592002, -58.59034563051540090 ) ) ;
#1397 = ORIENTED_EDGE ( 'NONE', *, *, #814, .T. ) ;
#1398 = DIRECTION ( 'NONE',  ( -1.000000000000000000, -1.284980352575412946E-16, 0.000000000000000000 ) ) ;
#1399 = ORIENTED_EDGE ( 'NONE', *, *, #650, .T. ) ;
#1400 = EDGE_LOOP ( 'NONE', ( #1802, #1742, #818, #1655, #1086 ) ) ;
#1401 = CIRCLE ( 'NONE', #267, 2.000000000000002220 ) ;
#1402 = LINE ( 'NONE', #1415, #120 ) ;
#1403 = EDGE_LOOP ( 'NONE', ( #1846, #2220 ) ) ;
#1404 = EDGE_CURVE ( 'NONE', #2274, #1033, #1684, .T. ) ;
#1405 = CYLINDRICAL_SURFACE ( 'NONE', #2448, 5.000000000000004441 ) ;
#1406 = ADVANCED_FACE ( 'NONE', ( #1925 ), #697, .F. ) ;
#1407 = DIRECTION ( 'NONE',  ( 0.000000000000000000, 0.000000000000000000, -1.000000000000000000 ) ) ;
#1408 = DIRECTION ( 'NONE',  ( 0.000000000000000000, -0.7986355100472898316, 0.6018150231520523752 ) ) ;
#1409 = CARTESIAN_POINT ( 'NONE',  ( 117.1083929410181099, 6.668356748992117389, -59.12249777830640340 ) ) ;
#1410 = CARTESIAN_POINT ( 'NONE',  ( -116.8232984887165884, 6.586930972668110229, -59.24539285908560515 ) ) ;
#1411 = ORIENTED_EDGE ( 'NONE', *, *, #2509, .T. ) ;
#1412 = CARTESIAN_POINT ( 'NONE',  ( 118.8236583766659464, 7.065907543050977679, -58.15438275789510669 ) ) ;
#1413 = VERTEX_POINT ( 'NONE', #1932 ) ;
#1414 = ORIENTED_EDGE ( 'NONE', *, *, #893, .F. ) ;
#1415 = CARTESIAN_POINT ( 'NONE',  ( 91.70685139624987414, -5.309999999999980957, -49.99999999999997158 ) ) ;
#1416 = EDGE_LOOP ( 'NONE', ( #2194, #2153, #739, #644 ) ) ;
#1417 = ADVANCED_FACE ( 'NONE', ( #1707 ), #519, .T. ) ;
#1418 = CARTESIAN_POINT ( 'NONE',  ( 10.00000000000000711, -39.59726653778552219, 34.85423187313923421 ) ) ;
#1419 = CYLINDRICAL_SURFACE ( 'NONE', #2029, 5.000000000000004441 ) ;
#1420 = CARTESIAN_POINT ( 'NONE',  ( 118.5089386986264515, 7.002067508489845160, -58.35211839998193284 ) ) ;
#1421 = DIRECTION ( 'NONE',  ( -1.000000000000000000, -0.000000000000000000, -0.000000000000000000 ) ) ;
#1422 = VERTEX_POINT ( 'NONE', #1499 ) ;
#1423 = CARTESIAN_POINT ( 'NONE',  ( 114.5224969600435685, 5.844049297249091168, -59.88815574064175706 ) ) ;
#1424 = ORIENTED_EDGE ( 'NONE', *, *, #2343, .F. ) ;
#1425 = ORIENTED_EDGE ( 'NONE', *, *, #1703, .T. ) ;
#1426 = AXIS2_PLACEMENT_3D ( 'NONE', #585, #172, #447 ) ;
#1427 = AXIS2_PLACEMENT_3D ( 'NONE', #143, #949, #555 ) ;
#1428 = EDGE_CURVE ( 'NONE', #1330, #1739, #2200, .T. ) ;
#1429 = AXIS2_PLACEMENT_3D ( 'NONE', #1871, #1053, #257 ) ;
#1430 = FACE_OUTER_BOUND ( 'NONE', #963, .T. ) ;
#1431 = LINE ( 'NONE', #1065, #2291 ) ;
#1432 = ORIENTED_EDGE ( 'NONE', *, *, #1919, .T. ) ;
#1433 = AXIS2_PLACEMENT_3D ( 'NONE', #1653, #1090, #839 ) ;
#1434 = CARTESIAN_POINT ( 'NONE',  ( -9.999999999999992895, -42.19283194543921667, 36.81013069838340357 ) ) ;
#1435 = CARTESIAN_POINT ( 'NONE',  ( 117.1792077303353921, 8.558085604711662242, -59.10766143924200122 ) ) ;
#1436 = VERTEX_POINT ( 'NONE', #273 ) ;
#1437 = CARTESIAN_POINT ( 'NONE',  ( 114.7419920621102847, 7.721542301245708728, -59.39168821933451881 ) ) ;
#1438 = CIRCLE ( 'NONE', #1268, 1.999999999999999334 ) ;
#1439 = EDGE_CURVE ( 'NONE', #792, #1422, #1636, .T. ) ;
#1440 = CYLINDRICAL_SURFACE ( 'NONE', #1595, 3.000000000000000888 ) ;
#1441 = EDGE_LOOP ( 'NONE', ( #795, #113, #2035 ) ) ;
#1442 = ORIENTED_EDGE ( 'NONE', *, *, #979, .T. ) ;
#1443 = CARTESIAN_POINT ( 'NONE',  ( -14.99999999999999645, -44.68999999999996930, 38.05445069456157370 ) ) ;
#1444 = CARTESIAN_POINT ( 'NONE',  ( -6.937339065434657434E-16, -40.25563991971686306, -4.336808689942017736E-16 ) ) ;
#1445 = ORIENTED_EDGE ( 'NONE', *, *, #194, .F. ) ;
#1446 = EDGE_CURVE ( 'NONE', #1162, #735, #506, .T. ) ;
#1447 = EDGE_CURVE ( 'NONE', #1651, #1549, #1805, .T. ) ;
#1448 = CARTESIAN_POINT ( 'NONE',  ( -15.00000000000001599, -5.309999999999996056, -54.99999999999995026 ) ) ;
#1449 = DIRECTION ( 'NONE',  ( -1.000000000000000000, -1.445602896647337931E-16, 0.000000000000000000 ) ) ;
#1450 = CARTESIAN_POINT ( 'NONE',  ( 106.7068513962499736, 5.310000000000036913, -34.99999999999987210 ) ) ;
#1451 = VECTOR ( 'NONE', #2594, 1000.000000000000000 ) ;
#1452 = ORIENTED_EDGE ( 'NONE', *, *, #701, .T. ) ;
#1453 = CARTESIAN_POINT ( 'NONE',  ( -123.0000000000000000, 7.137411169999987592, 20.00000000000000000 ) ) ;
#1454 = ORIENTED_EDGE ( 'NONE', *, *, #2046, .T. ) ;
#1455 = EDGE_LOOP ( 'NONE', ( #2416, #433, #2026, #2356 ) ) ;
#1456 = DIRECTION ( 'NONE',  ( -7.106757310125201520E-17, 0.6018150231520522642, 0.7986355100472898316 ) ) ;
#1457 = CARTESIAN_POINT ( 'NONE',  ( -113.0000000000000000, -5.310000000000009379, -60.00000000000000000 ) ) ;
#1458 = DIRECTION ( 'NONE',  ( 0.000000000000000000, 0.000000000000000000, 1.000000000000000000 ) ) ;
#1459 = ORIENTED_EDGE ( 'NONE', *, *, #473, .F. ) ;
#1460 = CARTESIAN_POINT ( 'NONE',  ( -9.999999999999992895, -41.19453755788009630, 36.05786191944334718 ) ) ;
#1461 = CYLINDRICAL_SURFACE ( 'NONE', #291, 2.999999999999999112 ) ;
#1462 = VERTEX_POINT ( 'NONE', #1488 ) ;
#1463 = DIRECTION ( 'NONE',  ( -1.284980352575412946E-16, 1.000000000000000000, 0.000000000000000000 ) ) ;
#1464 = AXIS2_PLACEMENT_3D ( 'NONE', #165, #522, #2518 ) ;
#1465 = ORIENTED_EDGE ( 'NONE', *, *, #1244, .T. ) ;
#1466 = DIRECTION ( 'NONE',  ( -1.000000000000000000, -1.284980352575412946E-16, 0.000000000000000000 ) ) ;
#1467 = CARTESIAN_POINT ( 'NONE',  ( -2.700116916602142130E-15, -23.26517035731844629, 22.54711464967977008 ) ) ;
#1468 = DIRECTION ( 'NONE',  ( 0.000000000000000000, 1.000000000000000000, 0.000000000000000000 ) ) ;
#1469 = DIRECTION ( 'NONE',  ( 0.000000000000000000, -0.7986355100472906088, 0.6018150231520511539 ) ) ;
#1470 = ORIENTED_EDGE ( 'NONE', *, *, #1209, .T. ) ;
#1471 = AXIS2_PLACEMENT_3D ( 'NONE', #906, #2352, #678 ) ;
#1472 = VECTOR ( 'NONE', #1579, 1000.000000000000000 ) ;
#1473 = EDGE_CURVE ( 'NONE', #620, #1383, #626, .T. ) ;
#1474 = CARTESIAN_POINT ( 'NONE',  ( -117.3053625415487033, 10.25544135451570327, -55.83065091806706448 ) ) ;
#1475 = AXIS2_PLACEMENT_3D ( 'NONE', #1078, #2479, #660 ) ;
#1476 = CARTESIAN_POINT ( 'NONE',  ( 16.50000000000001421, -44.68999999999996930, 33.49627676286267786 ) ) ;
#1477 = VECTOR ( 'NONE', #2095, 1000.000000000000000 ) ;
#1478 = ORIENTED_EDGE ( 'NONE', *, *, #666, .F. ) ;
#1479 = DIRECTION ( 'NONE',  ( -1.000000000000000000, -1.284980352575412946E-16, 0.000000000000000000 ) ) ;
#1480 = ADVANCED_FACE ( 'NONE', ( #122 ), #2530, .F. ) ;
#1481 = ORIENTED_EDGE ( 'NONE', *, *, #180, .T. ) ;
#1482 = DIRECTION ( 'NONE',  ( 7.106757310125201520E-17, -0.6018150231520522642, -0.7986355100472898316 ) ) ;
#1483 = DIRECTION ( 'NONE',  ( -1.302916513955365949E-16, 1.000000000000000000, -0.000000000000000000 ) ) ;
#1484 = VECTOR ( 'NONE', #736, 1000.000000000000000 ) ;
#1485 = LINE ( 'NONE', #2504, #1135 ) ;
#1486 = VERTEX_POINT ( 'NONE', #1288 ) ;
#1487 = EDGE_CURVE ( 'NONE', #140, #1099, #719, .T. ) ;
#1488 = CARTESIAN_POINT ( 'NONE',  ( -118.0000000000000000, -10.31000000000000938, 20.00000000000000000 ) ) ;
#1489 = DIRECTION ( 'NONE',  ( 1.000000000000000000, -2.081668171172168119E-15, 0.000000000000000000 ) ) ;
#1490 = EDGE_CURVE ( 'NONE', #2031, #2360, #491, .T. ) ;
#1491 = ORIENTED_EDGE ( 'NONE', *, *, #2343, .T. ) ;
#1492 = CARTESIAN_POINT ( 'NONE',  ( 91.70685139624985993, 5.310000000000036913, -49.99999999999997158 ) ) ;
#1493 = DIRECTION ( 'NONE',  ( -1.000000000000000000, 0.000000000000000000, 0.000000000000000000 ) ) ;
#1494 = ORIENTED_EDGE ( 'NONE', *, *, #462, .F. ) ;
#1495 = DIRECTION ( 'NONE',  ( 1.000000000000000000, -0.000000000000000000, -0.000000000000000000 ) ) ;
#1496 = CARTESIAN_POINT ( 'NONE',  ( -123.0000000000000000, -0.2099999999999511147, 10.00000000000000178 ) ) ;
#1497 = VECTOR ( 'NONE', #1167, 1000.000000000000000 ) ;
#1498 = VERTEX_POINT ( 'NONE', #975 ) ;
#1499 = CARTESIAN_POINT ( 'NONE',  ( -116.4999999999999858, -0.2099999999999511147, 13.00000000000000178 ) ) ;
#1500 = LINE ( 'NONE', #2271, #737 ) ;
#1501 = ADVANCED_FACE ( 'NONE', ( #345 ), #2605, .T. ) ;
#1502 = CARTESIAN_POINT ( 'NONE',  ( 3.500000000000003553, -44.68999999999996930, 33.49627676286267075 ) ) ;
#1503 = ORIENTED_EDGE ( 'NONE', *, *, #141, .F. ) ;
#1504 = CARTESIAN_POINT ( 'NONE',  ( 119.8274055849999797, 10.30999999999018080, 0.000000000000000000 ) ) ;
#1505 = CARTESIAN_POINT ( 'NONE',  ( 14.99807155369126122, -39.68999999999998352, 38.05445069456158080 ) ) ;
#1506 = ORIENTED_EDGE ( 'NONE', *, *, #1235, .T. ) ;
#1507 = EDGE_CURVE ( 'NONE', #638, #1338, #1149, .T. ) ;
#1508 = DIRECTION ( 'NONE',  ( 5.675708749154146716E-17, 7.394974657673891682E-33, -1.000000000000000000 ) ) ;
#1509 = AXIS2_PLACEMENT_3D ( 'NONE', #1615, #1236, #1799 ) ;
#1510 = DIRECTION ( 'NONE',  ( 1.000000000000000000, 0.000000000000000000, 0.000000000000000000 ) ) ;
#1511 = CARTESIAN_POINT ( 'NONE',  ( -119.8273999999999688, 10.31000000000000938, -60.00000000000000000 ) ) ;
#1512 = VECTOR ( 'NONE', #1667, 1000.000000000000000 ) ;
#1513 = AXIS2_PLACEMENT_3D ( 'NONE', #2225, #239, #647 ) ;
#1514 = CIRCLE ( 'NONE', #420, 6.827400000000038993 ) ;
#1515 = DIRECTION ( 'NONE',  ( 0.000000000000000000, 0.000000000000000000, -1.000000000000000000 ) ) ;
#1516 = ORIENTED_EDGE ( 'NONE', *, *, #973, .T. ) ;
#1517 = CYLINDRICAL_SURFACE ( 'NONE', #509, 3.172588830000003135 ) ;
#1518 = EDGE_CURVE ( 'NONE', #275, #1159, #1753, .T. ) ;
#1519 = FACE_BOUND ( 'NONE', #598, .T. ) ;
#1520 = EDGE_LOOP ( 'NONE', ( #1536, #354, #727 ) ) ;
#1521 = VECTOR ( 'NONE', #1158, 1000.000000000000000 ) ;
#1522 = DIRECTION ( 'NONE',  ( -1.302916513955365949E-16, 1.000000000000000000, -0.000000000000000000 ) ) ;
#1523 = EDGE_CURVE ( 'NONE', #1159, #1099, #1848, .T. ) ;
#1524 = DIRECTION ( 'NONE',  ( -1.284980352575412946E-16, 1.000000000000000000, 0.000000000000000000 ) ) ;
#1525 = LINE ( 'NONE', #311, #699 ) ;
#1526 = ORIENTED_EDGE ( 'NONE', *, *, #2148, .F. ) ;
#1527 = CARTESIAN_POINT ( 'NONE',  ( 112.9999999999999716, -10.30999999999997918, -49.99999999999996447 ) ) ;
#1528 = EDGE_CURVE ( 'NONE', #1049, #2480, #744, .T. ) ;
#1529 = CARTESIAN_POINT ( 'NONE',  ( 123.0000000000000000, -10.30999999999995076, 20.00000000000000000 ) ) ;
#1530 = ORIENTED_EDGE ( 'NONE', *, *, #979, .F. ) ;
#1531 = CARTESIAN_POINT ( 'NONE',  ( 111.7068513962499736, -10.30999999999998096, 20.00000000000000000 ) ) ;
#1532 = EDGE_LOOP ( 'NONE', ( #1506, #436, #240, #2339 ) ) ;
#1533 = CARTESIAN_POINT ( 'NONE',  ( 10.00000000000000711, -38.09272897990539519, 36.85082064825746073 ) ) ;
#1534 = CYLINDRICAL_SURFACE ( 'NONE', #209, 5.000000000000000888 ) ;
#1535 = DIRECTION ( 'NONE',  ( -1.000000000000000000, -1.302916513955365949E-16, 0.000000000000000000 ) ) ;
#1536 = ORIENTED_EDGE ( 'NONE', *, *, #2036, .T. ) ;
#1537 = LINE ( 'NONE', #1928, #470 ) ;
#1538 = EDGE_LOOP ( 'NONE', ( #1965, #1730, #526, #1750 ) ) ;
#1539 = DIRECTION ( 'NONE',  ( 0.000000000000000000, 0.000000000000000000, -1.000000000000000000 ) ) ;
#1540 = ORIENTED_EDGE ( 'NONE', *, *, #1439, .T. ) ;
#1541 = DIRECTION ( 'NONE',  ( 1.000000000000000000, 0.000000000000000000, 0.000000000000000000 ) ) ;
#1542 = EDGE_CURVE ( 'NONE', #409, #731, #667, .T. ) ;
#1543 = CYLINDRICAL_SURFACE ( 'NONE', #2527, 3.000000000000002665 ) ;
#1544 = VECTOR ( 'NONE', #529, 1000.000000000000000 ) ;
#1545 = CARTESIAN_POINT ( 'NONE',  ( -113.2931486037500122, -10.31000000000000760, -34.99999999999984368 ) ) ;
#1546 = CIRCLE ( 'NONE', #417, 5.000000000000004441 ) ;
#1547 = CIRCLE ( 'NONE', #1382, 15.00000000000000000 ) ;
#1548 = CARTESIAN_POINT ( 'NONE',  ( 91.70685139624987414, -5.309999999999988063, -9.999999999999975131 ) ) ;
#1549 = VERTEX_POINT ( 'NONE', #157 ) ;
#1550 = CARTESIAN_POINT ( 'NONE',  ( 119.8273999999999972, 7.137400000000012845, -60.00000000000000000 ) ) ;
#1551 = EDGE_CURVE ( 'NONE', #1189, #1292, #2523, .T. ) ;
#1552 = AXIS2_PLACEMENT_3D ( 'NONE', #184, #1751, #541 ) ;
#1553 = ORIENTED_EDGE ( 'NONE', *, *, #886, .F. ) ;
#1554 = CARTESIAN_POINT ( 'NONE',  ( -113.0000000000000000, 10.31000000000000938, -50.00000000000001421 ) ) ;
#1555 = ORIENTED_EDGE ( 'NONE', *, *, #652, .T. ) ;
#1556 = DIRECTION ( 'NONE',  ( -1.000000000000000000, -8.326672684688674053E-15, -0.000000000000000000 ) ) ;
#1557 = CIRCLE ( 'NONE', #750, 3.000000000000002665 ) ;
#1558 = ADVANCED_FACE ( 'NONE', ( #387 ), #2375, .T. ) ;
#1559 = ADVANCED_FACE ( 'NONE', ( #2586 ), #369, .F. ) ;
#1560 = CARTESIAN_POINT ( 'NONE',  ( 118.0000000000000000, -10.30999999999997918, 20.00000000000000000 ) ) ;
#1561 = CARTESIAN_POINT ( 'NONE',  ( -109.8999999999999915, 3.810000000000012488, 10.00000000000000000 ) ) ;
#1562 = CARTESIAN_POINT ( 'NONE',  ( -93.29314860375001217, -5.310000000000002274, -24.99999999999995381 ) ) ;
#1563 = EDGE_CURVE ( 'NONE', #484, #1353, #355, .T. ) ;
#1564 = ORIENTED_EDGE ( 'NONE', *, *, #1613, .F. ) ;
#1565 = CARTESIAN_POINT ( 'NONE',  ( -113.0000000000000000, 5.310000000000022702, -60.00000000000000000 ) ) ;
#1566 = ORIENTED_EDGE ( 'NONE', *, *, #871, .T. ) ;
#1567 = CARTESIAN_POINT ( 'NONE',  ( 119.8274111699999764, 10.31000000000004135, -4.999999999999976907 ) ) ;
#1568 = ORIENTED_EDGE ( 'NONE', *, *, #1629, .T. ) ;
#1569 = PLANE ( 'NONE',  #2606 ) ;
#1570 = CARTESIAN_POINT ( 'NONE',  ( -117.6490204086452422, 10.31000000000000938, -55.00000000000000000 ) ) ;
#1571 = CARTESIAN_POINT ( 'NONE',  ( 116.6151624531369180, 8.129851440979262378, -59.34446224457858676 ) ) ;
#1572 = CARTESIAN_POINT ( 'NONE',  ( -116.1906937456673461, 9.434840052585615311, -57.84497166075352936 ) ) ;
#1573 = ORIENTED_EDGE ( 'NONE', *, *, #1121, .F. ) ;
#1574 = DIRECTION ( 'NONE',  ( -1.000000000000000000, 0.000000000000000000, -0.000000000000000000 ) ) ;
#1575 = EDGE_LOOP ( 'NONE', ( #1632, #821, #401, #298 ) ) ;
#1576 = VERTEX_POINT ( 'NONE', #1175 ) ;
#1577 = CARTESIAN_POINT ( 'NONE',  ( -123.0000000000000000, -10.31000000000000938, 20.00000000000000000 ) ) ;
#1578 = ORIENTED_EDGE ( 'NONE', *, *, #1943, .T. ) ;
#1579 = DIRECTION ( 'NONE',  ( -1.302916513955365949E-16, 1.000000000000000000, -0.000000000000000000 ) ) ;
#1580 = ADVANCED_FACE ( 'NONE', ( #583 ), #1359, .F. ) ;
#1581 = DIRECTION ( 'NONE',  ( -1.000000000000000000, -1.284980352575412946E-16, 0.000000000000000000 ) ) ;
#1582 = CARTESIAN_POINT ( 'NONE',  ( -2.877785849355271601E-15, -20.76233841187921314, 23.79143464585792955 ) ) ;
#1583 = CARTESIAN_POINT ( 'NONE',  ( 113.5968004499622879, 5.520801133328542498, -60.00000000000000000 ) ) ;
#1584 = AXIS2_PLACEMENT_3D ( 'NONE', #690, #2307, #1094 ) ;
#1585 = CARTESIAN_POINT ( 'NONE',  ( -115.8049641968161012, 9.026637703023867587, -58.36076976217751167 ) ) ;
#1586 = EDGE_LOOP ( 'NONE', ( #956, #1243, #681, #1564, #1117 ) ) ;
#1587 = DIRECTION ( 'NONE',  ( 1.000000000000000000, 0.000000000000000000, 0.000000000000000000 ) ) ;
#1588 = AXIS2_PLACEMENT_3D ( 'NONE', #1123, #1319, #1510 ) ;
#1589 = VECTOR ( 'NONE', #1145, 1000.000000000000000 ) ;
#1590 = VECTOR ( 'NONE', #2419, 1000.000000000000000 ) ;
#1591 = ADVANCED_FACE ( 'NONE', ( #1161 ), #1214, .T. ) ;
#1592 = ORIENTED_EDGE ( 'NONE', *, *, #840, .F. ) ;
#1593 = CIRCLE ( 'NONE', #248, 3.172588830000003135 ) ;
#1594 = EDGE_LOOP ( 'NONE', ( #1356, #1013, #1630, #93 ) ) ;
#1595 = AXIS2_PLACEMENT_3D ( 'NONE', #2055, #435, #683 ) ;
#1596 = ADVANCED_FACE ( 'NONE', ( #2415 ), #1769, .F. ) ;
#1597 = CARTESIAN_POINT ( 'NONE',  ( -115.4251084077936724, 6.151572744301275542, -59.72076756120048202 ) ) ;
#1598 = CARTESIAN_POINT ( 'NONE',  ( -93.29314860374987006, 5.310000000000013820, -4.999999999999952927 ) ) ;
#1599 = VERTEX_POINT ( 'NONE', #186 ) ;
#1600 = FACE_OUTER_BOUND ( 'NONE', #1360, .T. ) ;
#1601 = DIRECTION ( 'NONE',  ( -1.000000000000000000, -1.284980352575412946E-16, 0.000000000000000000 ) ) ;
#1602 = CYLINDRICAL_SURFACE ( 'NONE', #1902, 9.999999999999980460 ) ;
#1603 = CARTESIAN_POINT ( 'NONE',  ( 118.7800362602647368, 7.049931151662114814, -58.16701456599776066 ) ) ;
#1604 = FACE_OUTER_BOUND ( 'NONE', #1520, .T. ) ;
#1605 = EDGE_LOOP ( 'NONE', ( #1397, #40 ) ) ;
#1606 = CARTESIAN_POINT ( 'NONE',  ( -93.29314860375002638, 10.31000000000001293, -34.99999999999995026 ) ) ;
#1607 = EDGE_LOOP ( 'NONE', ( #2016, #543, #1252, #2146, #200 ) ) ;
#1608 = ORIENTED_EDGE ( 'NONE', *, *, #1101, .T. ) ;
#1609 = EDGE_CURVE ( 'NONE', #1651, #396, #989, .T. ) ;
#1610 = FACE_BOUND ( 'NONE', #1605, .T. ) ;
#1611 = ORIENTED_EDGE ( 'NONE', *, *, #301, .F. ) ;
#1612 = CARTESIAN_POINT ( 'NONE',  ( 14.99999999999999822, -44.68999999999996930, 38.05445069456157370 ) ) ;
#1613 = EDGE_CURVE ( 'NONE', #2453, #1576, #2598, .T. ) ;
#1614 = CARTESIAN_POINT ( 'NONE',  ( 112.9000000000000057, 3.810000000000040021, 10.00000000000000000 ) ) ;
#1615 = CARTESIAN_POINT ( 'NONE',  ( -113.0000000000000000, -10.31000000000000938, -50.00000000000001421 ) ) ;
#1616 = AXIS2_PLACEMENT_3D ( 'NONE', #669, #1276, #2103 ) ;
#1617 = CARTESIAN_POINT ( 'NONE',  ( -116.3412145482261622, 7.919146160027151105, -59.44419600033117490 ) ) ;
#1618 = VERTEX_POINT ( 'NONE', #2362 ) ;
#1619 = CARTESIAN_POINT ( 'NONE',  ( 113.4405299722031515, 5.932841323399390632, -59.96350325983496532 ) ) ;
#1620 = EDGE_CURVE ( 'NONE', #1232, #66, #549, .T. ) ;
#1621 = ORIENTED_EDGE ( 'NONE', *, *, #861, .F. ) ;
#1622 = EDGE_LOOP ( 'NONE', ( #2613, #129, #2179, #2114 ) ) ;
#1623 = FACE_BOUND ( 'NONE', #2300, .T. ) ;
#1624 = CARTESIAN_POINT ( 'NONE',  ( -108.2931486037500122, -49.68999999999998352, -25.00000000000004974 ) ) ;
#1625 = ORIENTED_EDGE ( 'NONE', *, *, #871, .F. ) ;
#1626 = DIRECTION ( 'NONE',  ( -1.000000000000000000, -1.302916513955365949E-16, 0.000000000000000000 ) ) ;
#1627 = CARTESIAN_POINT ( 'NONE',  ( 14.99807155369125944, -27.65369953695893557, 54.02716089550737166 ) ) ;
#1628 = CARTESIAN_POINT ( 'NONE',  ( 116.1906937456673319, 9.434840052585659720, -57.84497166075350805 ) ) ;
#1629 = EDGE_CURVE ( 'NONE', #193, #2031, #1546, .T. ) ;
#1630 = ORIENTED_EDGE ( 'NONE', *, *, #277, .T. ) ;
#1631 = CARTESIAN_POINT ( 'NONE',  ( -9.999999999999991118, -59.79104951678524316, 11.37945702417649940 ) ) ;
#1632 = ORIENTED_EDGE ( 'NONE', *, *, #1428, .T. ) ;
#1633 = EDGE_CURVE ( 'NONE', #2127, #1649, #1720, .T. ) ;
#1634 = ORIENTED_EDGE ( 'NONE', *, *, #2464, .F. ) ;
#1635 = CIRCLE ( 'NONE', #496, 3.172588830000003135 ) ;
#1636 = CIRCLE ( 'NONE', #1096, 2.999999999999999112 ) ;
#1637 = CARTESIAN_POINT ( 'NONE',  ( 112.9999999999999716, 10.31000000000004135, -49.99999999999996447 ) ) ;
#1638 = VECTOR ( 'NONE', #1407, 1000.000000000000000 ) ;
#1639 = CARTESIAN_POINT ( 'NONE',  ( 91.70685139624987414, -10.30999999999998273, -54.99999999999997868 ) ) ;
#1640 = ORIENTED_EDGE ( 'NONE', *, *, #353, .F. ) ;
#1641 = AXIS2_PLACEMENT_3D ( 'NONE', #327, #1961, #738 ) ;
#1642 = LINE ( 'NONE', #203, #1260 ) ;
#1643 = DIRECTION ( 'NONE',  ( 0.000000000000000000, 0.000000000000000000, 1.000000000000000000 ) ) ;
#1644 = PRODUCT_DEFINITION_FORMATION_WITH_SPECIFIED_SOURCE ( 'ANY', '', #674, .NOT_KNOWN. ) ;
#1645 = CARTESIAN_POINT ( 'NONE',  ( 6.499999999999999112, -32.11675814170136078, -4.336808689942017736E-16 ) ) ;
#1646 = EDGE_CURVE ( 'NONE', #1701, #1202, #959, .T. ) ;
#1647 = CARTESIAN_POINT ( 'NONE',  ( 123.0000000000000142, 7.137400000000009292, -49.99999999999996447 ) ) ;
#1648 = CIRCLE ( 'NONE', #1, 3.250000000000003109 ) ;
#1649 = VERTEX_POINT ( 'NONE', #1201 ) ;
#1650 = VECTOR ( 'NONE', #532, 1000.000000000000000 ) ;
#1651 = VERTEX_POINT ( 'NONE', #1242 ) ;
#1652 = CARTESIAN_POINT ( 'NONE',  ( 112.9000000000000057, 3.810000000000040021, 10.00000000000000000 ) ) ;
#1653 = CARTESIAN_POINT ( 'NONE',  ( 17.49999999999999645, -12.81000000000001116, 20.00000000000000000 ) ) ;
#1654 = DIRECTION ( 'NONE',  ( -1.302916513955365949E-16, 1.000000000000000000, 0.000000000000000000 ) ) ;
#1655 = ORIENTED_EDGE ( 'NONE', *, *, #390, .T. ) ;
#1656 = DIRECTION ( 'NONE',  ( 6.938893903907240999E-15, 0.000000000000000000, -1.000000000000000000 ) ) ;
#1657 = FACE_OUTER_BOUND ( 'NONE', #2384, .T. ) ;
#1658 = AXIS2_PLACEMENT_3D ( 'NONE', #1860, #1290, #2318 ) ;
#1659 = DIRECTION ( 'NONE',  ( -1.302916513955366196E-16, 1.000000000000000000, -0.000000000000000000 ) ) ;
#1660 = AXIS2_PLACEMENT_3D ( 'NONE', #101, #874, #691 ) ;
#1661 = DIRECTION ( 'NONE',  ( 1.302916513955365949E-16, -1.000000000000000000, 0.000000000000000000 ) ) ;
#1662 = ORIENTED_EDGE ( 'NONE', *, *, #1294, .F. ) ;
#1663 = DIRECTION ( 'NONE',  ( -0.6809357015328286744, 0.000000000000000000, -0.7323432053197425073 ) ) ;
#1664 = CARTESIAN_POINT ( 'NONE',  ( -17.50000000000000355, -12.80999999999999694, 0.000000000000000000 ) ) ;
#1665 = EDGE_CURVE ( 'NONE', #1103, #1033, #1812, .T. ) ;
#1666 = CARTESIAN_POINT ( 'NONE',  ( -93.29314860374991270, 5.310000000000009379, -49.99999999999995026 ) ) ;
#1667 = DIRECTION ( 'NONE',  ( 1.000000000000000000, 1.302916513955365949E-16, -1.500301384628591852E-16 ) ) ;
#1668 = ORIENTED_EDGE ( 'NONE', *, *, #743, .F. ) ;
#1669 = CARTESIAN_POINT ( 'NONE',  ( -9.999999999999992895, -39.59726653778551508, 34.85423187313923421 ) ) ;
#1670 = FACE_OUTER_BOUND ( 'NONE', #356, .T. ) ;
#1671 = EDGE_CURVE ( 'NONE', #2135, #1366, #500, .T. ) ;
#1672 = CARTESIAN_POINT ( 'NONE',  ( -123.0000000000000000, -0.2099999999999507261, 7.000000000000002665 ) ) ;
#1673 = VERTEX_POINT ( 'NONE', #199 ) ;
#1674 = DIRECTION ( 'NONE',  ( 1.000000000000000000, 0.000000000000000000, 0.000000000000000000 ) ) ;
#1675 = EDGE_LOOP ( 'NONE', ( #1792, #197, #2520, #2305 ) ) ;
#1676 = CARTESIAN_POINT ( 'NONE',  ( -9.999999999999991118, -51.63356700082656658, 18.88152167219343980 ) ) ;
#1677 = CARTESIAN_POINT ( 'NONE',  ( -119.8274111699999764, 10.31000000000000938, 20.00000000000000000 ) ) ;
#1678 = CARTESIAN_POINT ( 'NONE',  ( 109.8999999999999915, 3.810000000000039577, 10.00000000000000000 ) ) ;
#1679 = CIRCLE ( 'NONE', #365, 3.172599999999997422 ) ;
#1680 = ORIENTED_EDGE ( 'NONE', *, *, #1912, .F. ) ;
#1681 = EDGE_CURVE ( 'NONE', #331, #778, #597, .T. ) ;
#1682 = VECTOR ( 'NONE', #2562, 1000.000000000000000 ) ;
#1683 = VECTOR ( 'NONE', #1205, 1000.000000000000000 ) ;
#1684 = LINE ( 'NONE', #1697, #1002 ) ;
#1685 = PRESENTATION_LAYER_ASSIGNMENT (  '', '', ( #208 ) ) ;
#1686 = CARTESIAN_POINT ( 'NONE',  ( -14.99999999999999645, -44.68999999999996930, 0.000000000000000000 ) ) ;
#1687 = VECTOR ( 'NONE', #2140, 1000.000000000000000 ) ;
#1688 = EDGE_LOOP ( 'NONE', ( #1973, #1826 ) ) ;
#1689 = CARTESIAN_POINT ( 'NONE',  ( 91.70685139624987414, -5.309999999999981846, -54.99999999999997868 ) ) ;
#1690 = ORIENTED_EDGE ( 'NONE', *, *, #1861, .F. ) ;
#1691 = DIRECTION ( 'NONE',  ( -0.000000000000000000, -0.000000000000000000, 1.000000000000000000 ) ) ;
#1692 = CARTESIAN_POINT ( 'NONE',  ( 15.00000000000000000, -12.81000000000000938, 0.000000000000000000 ) ) ;
#1693 = CARTESIAN_POINT ( 'NONE',  ( -119.8093570153283025, 7.137400000000011957, -57.32343205319742196 ) ) ;
#1694 = ORIENTED_EDGE ( 'NONE', *, *, #2313, .F. ) ;
#1695 = EDGE_CURVE ( 'NONE', #630, #2511, #1402, .T. ) ;
#1696 = DIRECTION ( 'NONE',  ( 0.000000000000000000, -0.7986355100472906088, 0.6018150231520511539 ) ) ;
#1697 = CARTESIAN_POINT ( 'NONE',  ( -108.2931486037500264, 5.310000000000016485, -25.00000000000005684 ) ) ;
#1698 = CYLINDRICAL_SURFACE ( 'NONE', #153, 3.249999999999998224 ) ;
#1699 = VECTOR ( 'NONE', #793, 1000.000000000000000 ) ;
#1700 = DIRECTION ( 'NONE',  ( 0.000000000000000000, -0.7986355100472906088, 0.6018150231520511539 ) ) ;
#1701 = VERTEX_POINT ( 'NONE', #1048 ) ;
#1702 = LINE ( 'NONE', #1880, #1731 ) ;
#1703 = EDGE_CURVE ( 'NONE', #1712, #2480, #1431, .T. ) ;
#1704 = DIRECTION ( 'NONE',  ( -7.106757310125201520E-17, 0.6018150231520522642, 0.7986355100472898316 ) ) ;
#1705 = ORIENTED_EDGE ( 'NONE', *, *, #701, .F. ) ;
#1706 = DIRECTION ( 'NONE',  ( 0.000000000000000000, 0.000000000000000000, -1.000000000000000000 ) ) ;
#1707 = FACE_OUTER_BOUND ( 'NONE', #1378, .T. ) ;
#1708 = CARTESIAN_POINT ( 'NONE',  ( -15.00000000000001066, -5.309999999999996056, -4.999999999999962697 ) ) ;
#1709 = PLANE ( 'NONE',  #1464 ) ;
#1710 = EDGE_CURVE ( 'NONE', #2079, #2439, #37, .T. ) ;
#1711 = CARTESIAN_POINT ( 'NONE',  ( 91.70685139624987414, -5.309999999999980957, -9.999999999999975131 ) ) ;
#1712 = VERTEX_POINT ( 'NONE', #1639 ) ;
#1713 = LINE ( 'NONE', #889, #841 ) ;
#1714 = CARTESIAN_POINT ( 'NONE',  ( 111.7068513962499878, -10.30999999999998096, -25.00000000000008527 ) ) ;
#1715 = ADVANCED_FACE ( 'NONE', ( #1004 ), #45, .F. ) ;
#1716 = ORIENTED_EDGE ( 'NONE', *, *, #1057, .F. ) ;
#1717 = AXIS2_PLACEMENT_3D ( 'NONE', #2281, #1069, #884 ) ;
#1718 = DIRECTION ( 'NONE',  ( 0.000000000000000000, -0.7986355100472906088, 0.6018150231520511539 ) ) ;
#1719 = DIRECTION ( 'NONE',  ( -1.000000000000000000, 0.000000000000000000, 0.000000000000000000 ) ) ;
#1720 = CIRCLE ( 'NONE', #1901, 3.000000000000002665 ) ;
#1721 = AXIS2_PLACEMENT_3D ( 'NONE', #1664, #1771, #201 ) ;
#1722 = AXIS2_PLACEMENT_3D ( 'NONE', #789, #601, #1408 ) ;
#1723 = AXIS2_PLACEMENT_3D ( 'NONE', #270, #71, #1469 ) ;
#1724 = AXIS2_PLACEMENT_3D ( 'NONE', #901, #517, #525 ) ;
#1725 = DIRECTION ( 'NONE',  ( -0.000000000000000000, -0.000000000000000000, 1.000000000000000000 ) ) ;
#1726 = ADVANCED_FACE ( 'NONE', ( #1610, #798 ), #2428, .F. ) ;
#1727 = ORIENTED_EDGE ( 'NONE', *, *, #932, .F. ) ;
#1728 = CARTESIAN_POINT ( 'NONE',  ( -15.00000000000000711, -10.30999999999999694, 0.000000000000000000 ) ) ;
#1729 = DIRECTION ( 'NONE',  ( -1.000000000000000000, -1.284980352575412946E-16, 0.000000000000000000 ) ) ;
#1730 = ORIENTED_EDGE ( 'NONE', *, *, #106, .T. ) ;
#1731 = VECTOR ( 'NONE', #1691, 1000.000000000000000 ) ;
#1732 = DIRECTION ( 'NONE',  ( 1.000000000000000000, 1.302916513955365949E-16, 0.000000000000000000 ) ) ;
#1733 = ORIENTED_EDGE ( 'NONE', *, *, #1060, .F. ) ;
#1734 = CYLINDRICAL_SURFACE ( 'NONE', #2196, 3.249999999999998224 ) ;
#1735 = CARTESIAN_POINT ( 'NONE',  ( 119.8274111699999764, 10.31000000000004313, 20.00000000000000000 ) ) ;
#1736 = B_SPLINE_CURVE_WITH_KNOTS ( 'NONE', 3,
 ( #397, #410, #575, #2002, #21, #2262, #36, #807, #223, #380, #178, #1437, #819, #1184, #834, #1014, #1619, #2450, #986, #195 ),
 .UNSPECIFIED., .F., .F.,
 ( 4, 2, 2, 2, 2, 2, 2, 2, 2, 4 ),
 ( 0.000000000000000000, 0.001135876885106539783, 0.002271753770213079567, 0.003407630655319619350, 0.004543507540426159133, 0.005679384425532699350, 0.006815261310639238700, 0.007951138195745778917, 0.008519076638299059867, 0.009087015080852342552 ),
 .UNSPECIFIED. ) ;
#1737 = ORIENTED_EDGE ( 'NONE', *, *, #848, .T. ) ;
#1738 = LINE ( 'NONE', #342, #1104 ) ;
#1739 = VERTEX_POINT ( 'NONE', #2238 ) ;
#1740 = EDGE_CURVE ( 'NONE', #2360, #724, #1593, .T. ) ;
#1741 = DIRECTION ( 'NONE',  ( 1.302916513955365949E-16, -1.000000000000000000, 0.000000000000000000 ) ) ;
#1742 = ORIENTED_EDGE ( 'NONE', *, *, #1119, .T. ) ;
#1743 = DIRECTION ( 'NONE',  ( -0.000000000000000000, -0.000000000000000000, 1.000000000000000000 ) ) ;
#1744 = LINE ( 'NONE', #1560, #2490 ) ;
#1745 = EDGE_CURVE ( 'NONE', #1498, #1486, #1852, .T. ) ;
#1746 = PLANE ( 'NONE',  #1153 ) ;
#1747 = ORIENTED_EDGE ( 'NONE', *, *, #686, .T. ) ;
#1748 = CARTESIAN_POINT ( 'NONE',  ( -14.99999999999999645, -39.68999999999998352, 38.05445069456157370 ) ) ;
#1749 =( NAMED_UNIT ( * ) PLANE_ANGLE_UNIT ( ) SI_UNIT ( $, .RADIAN. ) );
#1750 = ORIENTED_EDGE ( 'NONE', *, *, #1817, .F. ) ;
#1751 = DIRECTION ( 'NONE',  ( -1.302916513955365949E-16, 1.000000000000000000, 0.000000000000000000 ) ) ;
#1752 = EDGE_CURVE ( 'NONE', #1212, #12, #1217, .T. ) ;
#1753 = LINE ( 'NONE', #1567, #1682 ) ;
#1754 = ORIENTED_EDGE ( 'NONE', *, *, #1284, .T. ) ;
#1755 = CARTESIAN_POINT ( 'NONE',  ( -9.999999999999992895, -37.99999551769094097, 33.65060182683512835 ) ) ;
#1756 = FACE_OUTER_BOUND ( 'NONE', #616, .T. ) ;
#1757 = CARTESIAN_POINT ( 'NONE',  ( -113.4405299722031515, 5.932841323399312472, -59.96350325983495111 ) ) ;
#1758 = CIRCLE ( 'NONE', #2118, 15.00000000000000000 ) ;
#1759 = LINE ( 'NONE', #1365, #1773 ) ;
#1760 = EDGE_CURVE ( 'NONE', #2005, #2453, #637, .T. ) ;
#1761 = AXIS2_PLACEMENT_3D ( 'NONE', #730, #1951, #767 ) ;
#1762 = AXIS2_PLACEMENT_3D ( 'NONE', #2050, #28, #47 ) ;
#1763 = ORIENTED_EDGE ( 'NONE', *, *, #929, .F. ) ;
#1764 = PLANE ( 'NONE',  #2338 ) ;
#1765 = AXIS2_PLACEMENT_3D ( 'NONE', #1138, #2374, #1950 ) ;
#1766 = ORIENTED_EDGE ( 'NONE', *, *, #2191, .F. ) ;
#1767 = CARTESIAN_POINT ( 'NONE',  ( -9.999999999999992895, -44.68999999999996930, 33.49627676286267786 ) ) ;
#1768 = EDGE_CURVE ( 'NONE', #2032, #24, #2277, .T. ) ;
#1769 = PLANE ( 'NONE',  #366 ) ;
#1770 = VERTEX_POINT ( 'NONE', #2078 ) ;
#1771 = DIRECTION ( 'NONE',  ( 0.000000000000000000, 0.000000000000000000, 1.000000000000000000 ) ) ;
#1772 = CYLINDRICAL_SURFACE ( 'NONE', #1006, 5.000000000000004441 ) ;
#1773 = VECTOR ( 'NONE', #149, 1000.000000000000000 ) ;
#1774 = LINE ( 'NONE', #560, #1683 ) ;
#1775 = CARTESIAN_POINT ( 'NONE',  ( -119.8273999999999688, 10.31000000000000938, -50.00000000000001421 ) ) ;
#1776 = CARTESIAN_POINT ( 'NONE',  ( -113.0000000000000000, 5.310000000000011156, -60.00000000000000000 ) ) ;
#1777 = EDGE_LOOP ( 'NONE', ( #1224, #2326, #2563, #2411, #79, #836, #34, #1481, #52, #1322, #440, #346, #1813, #1820, #1028, #2550, #72, #809, #751, #1555 ) ) ;
#1778 = CARTESIAN_POINT ( 'NONE',  ( -15.00000000000000000, 7.137411170000035554, 20.00000000000000000 ) ) ;
#1779 = ADVANCED_FACE ( 'NONE', ( #57, #468, #866 ), #1271, .F. ) ;
#1780 = ORIENTED_EDGE ( 'NONE', *, *, #1019, .F. ) ;
#1781 = VECTOR ( 'NONE', #247, 1000.000000000000000 ) ;
#1782 = CARTESIAN_POINT ( 'NONE',  ( -9.999999999999991118, -44.68999999999996930, 22.69561584556659284 ) ) ;
#1783 = DIRECTION ( 'NONE',  ( -1.302916513955365949E-16, 1.000000000000000000, -0.000000000000000000 ) ) ;
#1784 = ORIENTED_EDGE ( 'NONE', *, *, #893, .T. ) ;
#1785 = CARTESIAN_POINT ( 'NONE',  ( 91.70685139624987414, -49.68999999999995509, -9.999999999999975131 ) ) ;
#1786 = CARTESIAN_POINT ( 'NONE',  ( 91.70685139624985993, 5.310000000000036913, -9.999999999999975131 ) ) ;
#1787 = CARTESIAN_POINT ( 'NONE',  ( 115.6103188100858432, 8.803846375355529830, -58.59034563051547195 ) ) ;
#1788 = DIRECTION ( 'NONE',  ( 0.000000000000000000, -0.7986355100472906088, 0.6018150231520511539 ) ) ;
#1789 = ORIENTED_EDGE ( 'NONE', *, *, #462, .T. ) ;
#1790 = EDGE_CURVE ( 'NONE', #1292, #2439, #2294, .T. ) ;
#1791 = CARTESIAN_POINT ( 'NONE',  ( 113.3037729698223472, 5.417298359212030512, -60.00000000000000711 ) ) ;
#1792 = ORIENTED_EDGE ( 'NONE', *, *, #2162, .T. ) ;
#1793 = EDGE_CURVE ( 'NONE', #2001, #1000, #785, .T. ) ;
#1794 = DIRECTION ( 'NONE',  ( -1.302916513955365949E-16, 1.000000000000000000, -0.000000000000000000 ) ) ;
#1795 = ORIENTED_EDGE ( 'NONE', *, *, #1277, .F. ) ;
#1796 = CARTESIAN_POINT ( 'NONE',  ( -17.50000000000000355, -10.30999999999999694, 20.00000000000000000 ) ) ;
#1797 = DIRECTION ( 'NONE',  ( 1.000000000000000000, 3.542661965915878460E-16, -0.000000000000000000 ) ) ;
#1798 = CYLINDRICAL_SURFACE ( 'NONE', #668, 4.999999999999997335 ) ;
#1799 = DIRECTION ( 'NONE',  ( -1.000000000000000000, 0.000000000000000000, 0.000000000000000000 ) ) ;
#1800 = CIRCLE ( 'NONE', #1717, 3.250000000000003109 ) ;
#1801 = CARTESIAN_POINT ( 'NONE',  ( -117.9532315307669705, 6.885359846896002445, -58.69320336556993567 ) ) ;
#1802 = ORIENTED_EDGE ( 'NONE', *, *, #1446, .F. ) ;
#1803 = EDGE_CURVE ( 'NONE', #2164, #275, #2159, .T. ) ;
#1804 = LINE ( 'NONE', #2614, #1315 ) ;
#1805 = CIRCLE ( 'NONE', #1471, 10.00000000000003730 ) ;
#1806 = AXIS2_PLACEMENT_3D ( 'NONE', #2072, #2398, #599 ) ;
#1807 = ORIENTED_EDGE ( 'NONE', *, *, #22, .F. ) ;
#1808 = VECTOR ( 'NONE', #1256, 1000.000000000000000 ) ;
#1809 = ORIENTED_EDGE ( 'NONE', *, *, #840, .T. ) ;
#1810 = CIRCLE ( 'NONE', #917, 5.000000000000004441 ) ;
#1811 = CARTESIAN_POINT ( 'NONE',  ( -117.7375631131312588, 6.842127278923019418, -58.82974734940315642 ) ) ;
#1812 = LINE ( 'NONE', #1624, #160 ) ;
#1813 = ORIENTED_EDGE ( 'NONE', *, *, #965, .T. ) ;
#1814 = CARTESIAN_POINT ( 'NONE',  ( 119.8273999999999688, 10.31000000000001116, -60.00000000000000000 ) ) ;
#1815 = EDGE_CURVE ( 'NONE', #1422, #1599, #337, .T. ) ;
#1816 = CARTESIAN_POINT ( 'NONE',  ( -116.3401688942307146, 9.579922118033897149, -57.62207461533341757 ) ) ;
#1817 = EDGE_CURVE ( 'NONE', #1257, #850, #941, .T. ) ;
#1818 = CARTESIAN_POINT ( 'NONE',  ( 115.9587955061481637, 6.327101626321218752, -59.57210170043194353 ) ) ;
#1819 = CARTESIAN_POINT ( 'NONE',  ( -119.0800540452476071, 9.895858012483383703, -57.95594695734281743 ) ) ;
#1820 = ORIENTED_EDGE ( 'NONE', *, *, #1225, .F. ) ;
#1821 = CARTESIAN_POINT ( 'NONE',  ( 117.1777089378280436, 6.692047525410139919, -59.10656557235538600 ) ) ;
#1822 = ORIENTED_EDGE ( 'NONE', *, *, #1395, .T. ) ;
#1823 = ORIENTED_EDGE ( 'NONE', *, *, #1209, .F. ) ;
#1824 = CARTESIAN_POINT ( 'NONE',  ( 15.00000000000000355, -39.68999999999997641, 38.05445069456157370 ) ) ;
#1825 = DIRECTION ( 'NONE',  ( 1.000000000000000000, 0.000000000000000000, 0.000000000000000000 ) ) ;
#1826 = ORIENTED_EDGE ( 'NONE', *, *, #277, .F. ) ;
#1827 = EDGE_CURVE ( 'NONE', #1920, #1212, #374, .T. ) ;
#1828 = CARTESIAN_POINT ( 'NONE',  ( 15.00000000000000355, -44.68999999999996930, 0.000000000000000000 ) ) ;
#1829 = DIRECTION ( 'NONE',  ( 0.000000000000000000, -0.7986355100472906088, 0.6018150231520511539 ) ) ;
#1830 = CARTESIAN_POINT ( 'NONE',  ( 116.3817692958610763, 9.620385915338273364, -57.55882036067119856 ) ) ;
#1831 = CIRCLE ( 'NONE', #1326, 15.00000000000000000 ) ;
#1832 = ADVANCED_FACE ( 'NONE', ( #1142 ), #1543, .F. ) ;
#1833 = ORIENTED_EDGE ( 'NONE', *, *, #133, .T. ) ;
#1834 = CARTESIAN_POINT ( 'NONE',  ( -9.999999999999991118, -44.68999999999996930, 22.69561584556659284 ) ) ;
#1835 = EDGE_LOOP ( 'NONE', ( #1890, #2548, #1470, #1809, #426, #2019, #2426 ) ) ;
#1836 = ORIENTED_EDGE ( 'NONE', *, *, #804, .T. ) ;
#1837 = CARTESIAN_POINT ( 'NONE',  ( -14.99999999999999645, 10.31000000000002004, 0.3767481894214608218 ) ) ;
#1838 = DIRECTION ( 'NONE',  ( -1.000000000000000000, 0.000000000000000000, 0.000000000000000000 ) ) ;
#1839 = ORIENTED_EDGE ( 'NONE', *, *, #1710, .F. ) ;
#1840 = ADVANCED_FACE ( 'NONE', ( #1756 ), #1772, .T. ) ;
#1841 = LINE ( 'NONE', #600, #1638 ) ;
#1842 = ADVANCED_FACE ( 'NONE', ( #1332 ), #2406, .T. ) ;
#1843 = DIRECTION ( 'NONE',  ( 1.000000000000000000, -0.000000000000000000, -0.000000000000000000 ) ) ;
#1844 = CARTESIAN_POINT ( 'NONE',  ( 6.500000000000001776, -40.25563991971686306, -4.336808689942017736E-16 ) ) ;
#1845 = CIRCLE ( 'NONE', #1001, 20.00000000000000355 ) ;
#1846 = ORIENTED_EDGE ( 'NONE', *, *, #1793, .F. ) ;
#1847 = ORIENTED_EDGE ( 'NONE', *, *, #2231, .T. ) ;
#1848 = CIRCLE ( 'NONE', #780, 5.000000000000000000 ) ;
#1849 = DIRECTION ( 'NONE',  ( 0.000000000000000000, -0.7986355100472906088, 0.6018150231520511539 ) ) ;
#1850 = VECTOR ( 'NONE', #927, 1000.000000000000000 ) ;
#1851 = AXIS2_PLACEMENT_3D ( 'NONE', #349, #993, #1374 ) ;
#1852 = CIRCLE ( 'NONE', #461, 3.172599999999996090 ) ;
#1853 = DIRECTION ( 'NONE',  ( 1.000000000000000000, 1.302916513955365949E-16, -1.218994875010730849E-16 ) ) ;
#1854 = CARTESIAN_POINT ( 'NONE',  ( -6.500000000000004441, -32.11675814170136078, -4.336808689942017736E-16 ) ) ;
#1855 = EDGE_LOOP ( 'NONE', ( #2017, #489, #379, #1975 ) ) ;
#1856 = CYLINDRICAL_SURFACE ( 'NONE', #1762, 3.172599999999997422 ) ;
#1857 = CARTESIAN_POINT ( 'NONE',  ( 112.9999999999999716, 5.310000000000022702, -60.00000000000000000 ) ) ;
#1858 = LINE ( 'NONE', #1083, #2447 ) ;
#1859 = AXIS2_PLACEMENT_3D ( 'NONE', #67, #476, #1466 ) ;
#1860 = CARTESIAN_POINT ( 'NONE',  ( -93.29314860375001217, -5.310000000000002274, -34.99999999999995026 ) ) ;
#1861 = EDGE_CURVE ( 'NONE', #745, #193, #1744, .T. ) ;
#1862 = VERTEX_POINT ( 'NONE', #980 ) ;
#1863 = DIRECTION ( 'NONE',  ( 0.000000000000000000, 0.000000000000000000, -1.000000000000000000 ) ) ;
#1864 = DIRECTION ( 'NONE',  ( -1.000000000000000000, 0.000000000000000000, 0.000000000000000000 ) ) ;
#1865 = FACE_OUTER_BOUND ( 'NONE', #2454, .T. ) ;
#1866 = EDGE_CURVE ( 'NONE', #451, #1770, #2075, .T. ) ;
#1867 = CARTESIAN_POINT ( 'NONE',  ( 119.8274111699999906, 7.137411170000041771, 20.00000000000000000 ) ) ;
#1868 = ORIENTED_EDGE ( 'NONE', *, *, #634, .T. ) ;
#1869 = EDGE_CURVE ( 'NONE', #1000, #451, #2578, .T. ) ;
#1870 = MANIFOLD_SOLID_BREP ( 'Fillet10', #381 ) ;
#1871 = CARTESIAN_POINT ( 'NONE',  ( 112.9000000000000057, 10.31000000000003958, 10.00000000000000000 ) ) ;
#1872 = CARTESIAN_POINT ( 'NONE',  ( -116.7611728065525938, 9.939713010419032102, -56.92165184632609964 ) ) ;
#1873 = CARTESIAN_POINT ( 'NONE',  ( -123.0000000000000000, -0.2099999999999511147, 10.00000000000000178 ) ) ;
#1874 = LINE ( 'NONE', #679, #621 ) ;
#1875 = ORIENTED_EDGE ( 'NONE', *, *, #1127, .T. ) ;
#1876 = DIRECTION ( 'NONE',  ( -7.106757310125201520E-17, 0.6018150231520522642, 0.7986355100472898316 ) ) ;
#1877 = ADVANCED_FACE ( 'NONE', ( #588 ), #531, .F. ) ;
#1878 = ADVANCED_FACE ( 'NONE', ( #391 ), #912, .T. ) ;
#1879 = ORIENTED_EDGE ( 'NONE', *, *, #2296, .F. ) ;
#1880 = CARTESIAN_POINT ( 'NONE',  ( -123.0000000000000000, 7.137399999999988864, -60.00000000000000000 ) ) ;
#1881 = DIRECTION ( 'NONE',  ( 1.000000000000000000, 0.000000000000000000, 0.000000000000000000 ) ) ;
#1882 = DIRECTION ( 'NONE',  ( -1.000000000000000000, 0.000000000000000000, 0.000000000000000000 ) ) ;
#1883 = FACE_OUTER_BOUND ( 'NONE', #1835, .T. ) ;
#1884 = CARTESIAN_POINT ( 'NONE',  ( -2.591490362555685262E-16, -37.66884588847531745, -5.290819117135346694 ) ) ;
#1885 = ORIENTED_EDGE ( 'NONE', *, *, #212, .F. ) ;
#1886 = EDGE_CURVE ( 'NONE', #2041, #2570, #1547, .T. ) ;
#1887 = PLANE ( 'NONE',  #121 ) ;
#1888 = CARTESIAN_POINT ( 'NONE',  ( 116.4999999999999858, -0.2099999999999513367, 6.999999999999999112 ) ) ;
#1889 = DIRECTION ( 'NONE',  ( -1.000000000000000000, 0.000000000000000000, 0.000000000000000000 ) ) ;
#1890 = ORIENTED_EDGE ( 'NONE', *, *, #1563, .T. ) ;
#1891 =( BOUNDED_CURVE ( )  B_SPLINE_CURVE ( 3, ( #858, #1844, #1645, #1298 ),
 .UNSPECIFIED., .F., .T. ) 
 B_SPLINE_CURVE_WITH_KNOTS ( ( 4, 4 ),
 ( 3.141592653589793116, 6.283185307179586232 ),
 .UNSPECIFIED. ) 
 CURVE ( )  GEOMETRIC_REPRESENTATION_ITEM ( )  RATIONAL_B_SPLINE_CURVE ( ( 1.000000000000000000, 0.3333333333333333703, 0.3333333333333333703, 1.000000000000000000 ) ) 
 REPRESENTATION_ITEM ( '' )  );
#1892 = CARTESIAN_POINT ( 'NONE',  ( 10.00000000000000888, -44.68999999999996930, 22.69561584556659284 ) ) ;
#1893 = ADVANCED_FACE ( 'NONE', ( #229 ), #6, .T. ) ;
#1894 = ORIENTED_EDGE ( 'NONE', *, *, #814, .F. ) ;
#1895 = EDGE_LOOP ( 'NONE', ( #703, #388, #1795 ) ) ;
#1896 = DIRECTION ( 'NONE',  ( 0.000000000000000000, 0.000000000000000000, 1.000000000000000000 ) ) ;
#1897 = DIRECTION ( 'NONE',  ( -8.326672684688674053E-15, -1.000000000000000000, 0.000000000000000000 ) ) ;
#1898 = AXIS2_PLACEMENT_3D ( 'NONE', #336, #1743, #784 ) ;
#1899 = EDGE_LOOP ( 'NONE', ( #1922, #1847, #1313, #102 ) ) ;
#1900 = PRODUCT_DEFINITION ( 'UNKNOWN', '', #1644, #931 ) ;
#1901 = AXIS2_PLACEMENT_3D ( 'NONE', #2034, #1654, #217 ) ;
#1902 = AXIS2_PLACEMENT_3D ( 'NONE', #2011, #2217, #2389 ) ;
#1903 = DIRECTION ( 'NONE',  ( 0.000000000000000000, -0.7986355100472899426, 0.6018150231520521531 ) ) ;
#1904 = CARTESIAN_POINT ( 'NONE',  ( 10.00000000000000888, -44.68999999999996930, 22.69561584556659284 ) ) ;
#1905 = CIRCLE ( 'NONE', #2033, 15.00000000000000000 ) ;
#1906 = ADVANCED_FACE ( 'NONE', ( #1035 ), #2249, .T. ) ;
#1907 = CARTESIAN_POINT ( 'NONE',  ( 10.00000000000000711, -44.68999999999996930, 33.49627676286267786 ) ) ;
#1908 = ORIENTED_EDGE ( 'NONE', *, *, #1768, .T. ) ;
#1909 = CARTESIAN_POINT ( 'NONE',  ( -2.700116916602141735E-15, -20.66960494966476247, 20.59121582443560072 ) ) ;
#1910 = APPLICATION_PROTOCOL_DEFINITION ( 'draft international standard', 'automotive_design', 1998, #902 ) ;
#1911 = ORIENTED_EDGE ( 'NONE', *, *, #804, .F. ) ;
#1912 = EDGE_CURVE ( 'NONE', #1862, #1265, #2327, .T. ) ;
#1913 = CARTESIAN_POINT ( 'NONE',  ( 10.00000000000000711, -41.19453755788009630, 36.05786191944334718 ) ) ;
#1914 = APPLICATION_CONTEXT ( 'automotive_design' ) ;
#1915 = CYLINDRICAL_SURFACE ( 'NONE', #2522, 5.000000000000000000 ) ;
#1916 = AXIS2_PLACEMENT_3D ( 'NONE', #2027, #1587, #213 ) ;
#1917 = CARTESIAN_POINT ( 'NONE',  ( 3.500000000000004885, -44.68999999999996930, 22.69561584556659639 ) ) ;
#1918 = EDGE_CURVE ( 'NONE', #2540, #158, #582, .T. ) ;
#1919 = EDGE_CURVE ( 'NONE', #2031, #1651, #1841, .T. ) ;
#1920 = VERTEX_POINT ( 'NONE', #1828 ) ;
#1921 = DIRECTION ( 'NONE',  ( 0.000000000000000000, -0.7986355100472900537, 0.6018150231520520421 ) ) ;
#1922 = ORIENTED_EDGE ( 'NONE', *, *, #2236, .F. ) ;
#1923 = PRODUCT_DEFINITION_SHAPE ( 'NONE', 'NONE',  #1900 ) ;
#1924 = ADVANCED_FACE ( 'NONE', ( #2269 ), #1856, .T. ) ;
#1925 = FACE_OUTER_BOUND ( 'NONE', #1899, .T. ) ;
#1926 = DIRECTION ( 'NONE',  ( 0.000000000000000000, -0.7986355100472894986, 0.6018150231520528193 ) ) ;
#1927 = VERTEX_POINT ( 'NONE', #1067 ) ;
#1928 = CARTESIAN_POINT ( 'NONE',  ( 91.70685139624985993, 5.310000000000029807, -49.99999999999997158 ) ) ;
#1929 = CYLINDRICAL_SURFACE ( 'NONE', #1641, 3.172588830000003135 ) ;
#1930 = ORIENTED_EDGE ( 'NONE', *, *, #31, .F. ) ;
#1931 = CIRCLE ( 'NONE', #2399, 5.000000000000004441 ) ;
#1932 = CARTESIAN_POINT ( 'NONE',  ( 112.9999999999999716, -10.30999999999998096, -55.00000000000000000 ) ) ;
#1933 = ORIENTED_EDGE ( 'NONE', *, *, #1960, .T. ) ;
#1934 = CARTESIAN_POINT ( 'NONE',  ( -119.8274111699999906, 7.137411170000010685, 20.00000000000000000 ) ) ;
#1935 = VECTOR ( 'NONE', #299, 1000.000000000000000 ) ;
#1936 = AXIS2_PLACEMENT_3D ( 'NONE', #1044, #1456, #1849 ) ;
#1937 = VECTOR ( 'NONE', #2186, 1000.000000000000000 ) ;
#1938 = VECTOR ( 'NONE', #824, 1000.000000000000000 ) ;
#1939 = VECTOR ( 'NONE', #1661, 1000.000000000000000 ) ;
#1940 = CARTESIAN_POINT ( 'NONE',  ( -113.2931486037500264, 5.310000000000010267, -34.99999999999980815 ) ) ;
#1941 = DIRECTION ( 'NONE',  ( -7.106757310125201520E-17, 0.6018150231520522642, 0.7986355100472898316 ) ) ;
#1942 = VERTEX_POINT ( 'NONE', #405 ) ;
#1943 = EDGE_CURVE ( 'NONE', #2514, #735, #419, .T. ) ;
#1944 = CARTESIAN_POINT ( 'NONE',  ( 91.70685139624985993, 10.31000000000003780, -4.999999999999972466 ) ) ;
#1945 = UNCERTAINTY_MEASURE_WITH_UNIT (LENGTH_MEASURE( 1.000000000000000082E-05 ), #2172, 'distance_accuracy_value', 'NONE');
#1946 = FACE_OUTER_BOUND ( 'NONE', #837, .T. ) ;
#1947 = ORIENTED_EDGE ( 'NONE', *, *, #1277, .T. ) ;
#1948 = AXIS2_PLACEMENT_3D ( 'NONE', #2584, #2136, #752 ) ;
#1949 = EDGE_CURVE ( 'NONE', #2273, #850, #207, .T. ) ;
#1950 = DIRECTION ( 'NONE',  ( 1.000000000000000000, 1.156482317317871478E-16, 1.850371707708594366E-15 ) ) ;
#1951 = DIRECTION ( 'NONE',  ( -1.302916513955366196E-16, 1.000000000000000000, -0.000000000000000000 ) ) ;
#1952 = ORIENTED_EDGE ( 'NONE', *, *, #1551, .F. ) ;
#1953 = DIRECTION ( 'NONE',  ( -0.000000000000000000, -0.000000000000000000, 1.000000000000000000 ) ) ;
#1954 = DIRECTION ( 'NONE',  ( -7.106757310125201520E-17, 0.6018150231520522642, 0.7986355100472898316 ) ) ;
#1955 = CARTESIAN_POINT ( 'NONE',  ( 0.000000000000000000, -44.68999999999996930, 0.000000000000000000 ) ) ;
#1956 = CARTESIAN_POINT ( 'NONE',  ( 10.00000000000000888, -44.68999999999996930, 22.69561584556659284 ) ) ;
#1957 = ORIENTED_EDGE ( 'NONE', *, *, #404, .F. ) ;
#1958 = EDGE_CURVE ( 'NONE', #1295, #1316, #1986, .T. ) ;
#1959 = DIRECTION ( 'NONE',  ( 0.000000000000000000, 0.000000000000000000, -1.000000000000000000 ) ) ;
#1960 = EDGE_CURVE ( 'NONE', #850, #2273, #497, .T. ) ;
#1961 = DIRECTION ( 'NONE',  ( -0.000000000000000000, -0.000000000000000000, -1.000000000000000000 ) ) ;
#1962 = AXIS2_PLACEMENT_3D ( 'NONE', #2283, #51, #1674 ) ;
#1963 = ORIENTED_EDGE ( 'NONE', *, *, #2322, .T. ) ;
#1964 = DIRECTION ( 'NONE',  ( 7.106757310125201520E-17, -0.6018150231520522642, -0.7986355100472898316 ) ) ;
#1965 = ORIENTED_EDGE ( 'NONE', *, *, #473, .T. ) ;
#1966 = CARTESIAN_POINT ( 'NONE',  ( 112.9999999999999716, 7.137400000000043931, -49.99999999999996447 ) ) ;
#1967 = CARTESIAN_POINT ( 'NONE',  ( 91.70685139624997362, 10.31000000000003780, -24.99999999999997513 ) ) ;
#1968 = CARTESIAN_POINT ( 'NONE',  ( 91.70685139624985993, 5.310000000000036913, -54.99999999999997158 ) ) ;
#1969 = DIRECTION ( 'NONE',  ( 1.000000000000000000, 0.000000000000000000, 0.000000000000000000 ) ) ;
#1970 = ORIENTED_EDGE ( 'NONE', *, *, #1101, .F. ) ;
#1971 = DIRECTION ( 'NONE',  ( -1.302916513955365949E-16, 1.000000000000000000, 0.000000000000000000 ) ) ;
#1972 = EDGE_CURVE ( 'NONE', #808, #12, #1642, .T. ) ;
#1973 = ORIENTED_EDGE ( 'NONE', *, *, #1152, .F. ) ;
#1974 = DIRECTION ( 'NONE',  ( 8.326672684688674053E-15, 0.000000000000000000, 1.000000000000000000 ) ) ;
#1975 = ORIENTED_EDGE ( 'NONE', *, *, #278, .T. ) ;
#1976 = CARTESIAN_POINT ( 'NONE',  ( -108.2931486037500122, -5.310000000000002274, -25.00000000000004974 ) ) ;
#1977 = CIRCLE ( 'NONE', #2284, 3.000000000000000888 ) ;
#1978 = DIRECTION ( 'NONE',  ( -1.302916513955366196E-16, 1.000000000000000000, -0.000000000000000000 ) ) ;
#1979 = CARTESIAN_POINT ( 'NONE',  ( -115.9643985550385423, 9.200928986521216046, -58.15724275346384786 ) ) ;
#1980 = TOROIDAL_SURFACE ( 'NONE', #1984, 20.00000000000000000, 5.000000000000000000 ) ;
#1981 = VECTOR ( 'NONE', #657, 1000.000000000000000 ) ;
#1982 = CARTESIAN_POINT ( 'NONE',  ( 10.00000000000000711, -37.99999551769094097, 33.65060182683512835 ) ) ;
#1983 =( GEOMETRIC_REPRESENTATION_CONTEXT ( 3 ) GLOBAL_UNCERTAINTY_ASSIGNED_CONTEXT ( ( #1945 ) ) GLOBAL_UNIT_ASSIGNED_CONTEXT ( ( #2172, #2400, #146 ) ) REPRESENTATION_CONTEXT ( 'NONE', 'WORKASPACE' ) );
#1984 = AXIS2_PLACEMENT_3D ( 'NONE', #2316, #2141, #1732 ) ;
#1985 = ADVANCED_FACE ( 'NONE', ( #639 ), #1009, .T. ) ;
#1986 = CIRCLE ( 'NONE', #296, 5.000000000000004441 ) ;
#1987 = CARTESIAN_POINT ( 'NONE',  ( 91.70685139624998783, -10.30999999999998273, -34.99999999999997868 ) ) ;
#1988 = ORIENTED_EDGE ( 'NONE', *, *, #965, .F. ) ;
#1989 = CARTESIAN_POINT ( 'NONE',  ( -9.999999999999992895, -44.68999999999996930, 33.49627676286267786 ) ) ;
#1990 = ORIENTED_EDGE ( 'NONE', *, *, #2371, .T. ) ;
#1991 =( BOUNDED_SURFACE ( )  B_SPLINE_SURFACE ( 3, 2, ( 
 ( #2052, #790, #2230 ),
 ( #2435, #2446, #376 ),
 ( #1206, #206, #1011 ),
 ( #1603, #2580, #2390 ),
 ( #1420, #1024, #418 ),
 ( #761, #1375, #1830 ),
 ( #602, #1435, #1628 ),
 ( #1409, #1571, #1999 ),
 ( #1222, #2404, #1787 ),
 ( #1818, #2039, #2258 ),
 ( #8, #221, #432 ),
 ( #803, #2591, #772 ),
 ( #1583, #19, #590 ),
 ( #1393, #817, #2218 ) ),
 .UNSPECIFIED., .F., .F., .F. ) 
 B_SPLINE_SURFACE_WITH_KNOTS ( ( 4, 2, 2, 2, 2, 2, 4 ),
 ( 3, 3 ),
 ( 0.000000000000000000, 0.0006835684555355378512, 0.001367136911071075702, 0.002050705366606613445, 0.002734273822142151405, 0.004101410733213226890, 0.005468547644284302810 ),
 ( 0.000000000000000000, 1.000000000000000000 ),
 .UNSPECIFIED. ) 
 GEOMETRIC_REPRESENTATION_ITEM ( )  RATIONAL_B_SPLINE_SURFACE ( (
 ( 1.000000000000000000, 0.7071067811865463515, 1.000000000000000000),
 ( 1.000000000000000000, 0.7294169328113396800, 1.000000000000000000),
 ( 1.000000000000000000, 0.7511421241016208450, 1.000000000000000000),
 ( 1.000000000000000000, 0.7927105288861761023, 1.000000000000000000),
 ( 1.000000000000000000, 0.8125899446624598177, 1.000000000000000000),
 ( 1.000000000000000000, 0.8498513037126034231, 1.000000000000000000),
 ( 1.000000000000000000, 0.8669273545696613015, 1.000000000000000000),
 ( 1.000000000000000000, 0.8980378979139421736, 1.000000000000000000),
 ( 1.000000000000000000, 0.9120728542844072084, 1.000000000000000000),
 ( 1.000000000000000000, 0.9496486971332456228, 1.000000000000000000),
 ( 1.000000000000000000, 0.9686769539009618679, 1.000000000000000000),
 ( 1.000000000000000000, 0.9937287108727654861, 1.000000000000000000),
 ( 1.000000000000000000, 0.9999792490486865137, 1.000000000000000000),
 ( 1.000000000000000000, 1.000000000000000000, 1.000000000000000000) ) ) 
 REPRESENTATION_ITEM ( '' )  SURFACE ( )  );
#1992 = ORIENTED_EDGE ( 'NONE', *, *, #1007, .T. ) ;
#1993 = CARTESIAN_POINT ( 'NONE',  ( -122.9999999999999858, -5.310000000000009379, -49.99999999999999289 ) ) ;
#1994 = VECTOR ( 'NONE', #1293, 1000.000000000000000 ) ;
#1995 = EDGE_CURVE ( 'NONE', #1927, #20, #241, .T. ) ;
#1996 = CARTESIAN_POINT ( 'NONE',  ( 15.00000000000000355, -39.68999999999997641, 0.000000000000000000 ) ) ;
#1997 = VECTOR ( 'NONE', #909, 1000.000000000000000 ) ;
#1998 = CARTESIAN_POINT ( 'NONE',  ( -113.0000000000000000, 5.310000000000022702, -60.00000000000000000 ) ) ;
#1999 = CARTESIAN_POINT ( 'NONE',  ( 115.8049641968160870, 9.026637703023911996, -58.36076976217749035 ) ) ;
#2000 = DIRECTION ( 'NONE',  ( 7.106757310125201520E-17, -0.6018150231520522642, -0.7986355100472898316 ) ) ;
#2001 = VERTEX_POINT ( 'NONE', #1460 ) ;
#2002 = CARTESIAN_POINT ( 'NONE',  ( 117.0448092217418434, 10.12847565704150909, -56.37873415441328717 ) ) ;
#2003 = EDGE_CURVE ( 'NONE', #2570, #846, #2280, .T. ) ;
#2004 = VERTEX_POINT ( 'NONE', #1434 ) ;
#2005 = VERTEX_POINT ( 'NONE', #1612 ) ;
#2006 = DIRECTION ( 'NONE',  ( -7.106757310125201520E-17, 0.6018150231520522642, 0.7986355100472898316 ) ) ;
#2007 = ORIENTED_EDGE ( 'NONE', *, *, #929, .T. ) ;
#2008 = DIRECTION ( 'NONE',  ( -0.000000000000000000, -0.7986355100472897206, 0.6018150231520523752 ) ) ;
#2009 = AXIS2_PLACEMENT_3D ( 'NONE', #654, #2087, #2272 ) ;
#2010 = EDGE_CURVE ( 'NONE', #1372, #2226, #2433, .T. ) ;
#2011 = CARTESIAN_POINT ( 'NONE',  ( -113.0000000000000000, -44.68999999999999773, -50.00000000000001421 ) ) ;
#2012 = DIRECTION ( 'NONE',  ( -1.302916513955366196E-16, 1.000000000000000000, -0.000000000000000000 ) ) ;
#2013 = CARTESIAN_POINT ( 'NONE',  ( -117.1083929410194031, 6.668356748992081862, -59.12249777830578523 ) ) ;
#2014 = VERTEX_POINT ( 'NONE', #431 ) ;
#2015 = CARTESIAN_POINT ( 'NONE',  ( 91.70685139624998783, -10.30999999999998273, -24.99999999999997513 ) ) ;
#2016 = ORIENTED_EDGE ( 'NONE', *, *, #1248, .T. ) ;
#2017 = ORIENTED_EDGE ( 'NONE', *, *, #1199, .T. ) ;
#2018 = DIRECTION ( 'NONE',  ( -7.106757310125201520E-17, 0.6018150231520522642, 0.7986355100472898316 ) ) ;
#2019 = ORIENTED_EDGE ( 'NONE', *, *, #154, .T. ) ;
#2020 = CARTESIAN_POINT ( 'NONE',  ( -14.99999999999999645, -39.68999999999998352, 38.05445069456158080 ) ) ;
#2021 = DIRECTION ( 'NONE',  ( -7.106757310125201520E-17, 0.6018150231520522642, 0.7986355100472898316 ) ) ;
#2022 = CARTESIAN_POINT ( 'NONE',  ( -93.29314860374985585, -5.310000000000006715, -54.99999999999993605 ) ) ;
#2023 = DIRECTION ( 'NONE',  ( -1.000000000000000000, -1.445602896647337931E-16, 0.000000000000000000 ) ) ;
#2024 = CIRCLE ( 'NONE', #78, 2.999999999999999112 ) ;
#2025 = CARTESIAN_POINT ( 'NONE',  ( -119.8093570153282883, 7.137400000000011957, -57.32343205319742196 ) ) ;
#2026 = ORIENTED_EDGE ( 'NONE', *, *, #666, .T. ) ;
#2027 = CARTESIAN_POINT ( 'NONE',  ( 112.9999999999999716, -5.309999999999980957, -55.00000000000000000 ) ) ;
#2028 = AXIS2_PLACEMENT_3D ( 'NONE', #1669, #2000, #1788 ) ;
#2029 = AXIS2_PLACEMENT_3D ( 'NONE', #442, #1221, #2038 ) ;
#2030 = ADVANCED_FACE ( 'NONE', ( #2556 ), #314, .T. ) ;
#2031 = VERTEX_POINT ( 'NONE', #148 ) ;
#2032 = VERTEX_POINT ( 'NONE', #1166 ) ;
#2033 = AXIS2_PLACEMENT_3D ( 'NONE', #1041, #65, #835 ) ;
#2034 = CARTESIAN_POINT ( 'NONE',  ( -112.9000000000000057, 3.810000000000012044, 10.00000000000000000 ) ) ;
#2035 = ORIENTED_EDGE ( 'NONE', *, *, #318, .F. ) ;
#2036 = EDGE_CURVE ( 'NONE', #409, #227, #1362, .T. ) ;
#2037 = DIRECTION ( 'NONE',  ( -1.302916513955365949E-16, 1.000000000000000000, -0.000000000000000000 ) ) ;
#2038 = DIRECTION ( 'NONE',  ( -1.000000000000000000, 0.000000000000000000, 0.000000000000000000 ) ) ;
#2039 = CARTESIAN_POINT ( 'NONE',  ( 115.5477090502026556, 7.305329206541812503, -59.69553992445686674 ) ) ;
#2040 = VECTOR ( 'NONE', #957, 1000.000000000000000 ) ;
#2041 = VERTEX_POINT ( 'NONE', #1786 ) ;
#2042 = DIRECTION ( 'NONE',  ( 0.000000000000000000, 0.000000000000000000, 1.000000000000000000 ) ) ;
#2043 = EDGE_CURVE ( 'NONE', #1649, #1436, #1364, .T. ) ;
#2044 = ORIENTED_EDGE ( 'NONE', *, *, #1121, .T. ) ;
#2045 = ORIENTED_EDGE ( 'NONE', *, *, #413, .T. ) ;
#2046 = EDGE_CURVE ( 'NONE', #2480, #630, #961, .T. ) ;
#2047 = DIRECTION ( 'NONE',  ( 1.000000000000000000, 1.734723475976806848E-16, 0.000000000000000000 ) ) ;
#2048 = CARTESIAN_POINT ( 'NONE',  ( 15.00000000000000000, -12.81000000000001116, 20.00000000000000000 ) ) ;
#2049 = ORIENTED_EDGE ( 'NONE', *, *, #1528, .F. ) ;
#2050 = CARTESIAN_POINT ( 'NONE',  ( 119.8273999999999972, 7.137400000000012845, -60.00000000000000000 ) ) ;
#2051 = CARTESIAN_POINT ( 'NONE',  ( 10.00000000000000711, -39.59726653778551508, 34.85423187313923421 ) ) ;
#2052 = CARTESIAN_POINT ( 'NONE',  ( 119.8093570153282883, 7.137400000000043043, -57.32343205319740775 ) ) ;
#2053 = EDGE_LOOP ( 'NONE', ( #1592, #2260, #920, #422, #107 ) ) ;
#2054 = CARTESIAN_POINT ( 'NONE',  ( 14.99807155369126122, -15.73093469858128479, 20.00000000000000355 ) ) ;
#2055 = CARTESIAN_POINT ( 'NONE',  ( 116.4999999999999858, -0.2099999999999513367, 10.00000000000000000 ) ) ;
#2056 = EDGE_LOOP ( 'NONE', ( #820, #1822, #437, #605 ) ) ;
#2057 = ORIENTED_EDGE ( 'NONE', *, *, #1646, .T. ) ;
#2058 = DIRECTION ( 'NONE',  ( -1.302916513955365949E-16, 1.000000000000000000, 0.000000000000000000 ) ) ;
#2059 = DIRECTION ( 'NONE',  ( -1.302916513955365949E-16, 1.000000000000000000, -0.000000000000000000 ) ) ;
#2060 = ORIENTED_EDGE ( 'NONE', *, *, #516, .T. ) ;
#2061 = CARTESIAN_POINT ( 'NONE',  ( -9.999999999999991118, -58.19377849669066194, 10.17582697787239709 ) ) ;
#2062 = DIRECTION ( 'NONE',  ( -1.000000000000000000, 0.000000000000000000, -6.938893903907222067E-15 ) ) ;
#2063 = CARTESIAN_POINT ( 'NONE',  ( 111.7068513962499736, 5.310000000000044018, -34.99999999999987210 ) ) ;
#2064 = DIRECTION ( 'NONE',  ( -1.000000000000000000, -0.000000000000000000, -0.000000000000000000 ) ) ;
#2065 = ORIENTED_EDGE ( 'NONE', *, *, #2102, .F. ) ;
#2066 = CARTESIAN_POINT ( 'NONE',  ( -14.99999999999999645, -44.68999999999996930, 38.05445069456157370 ) ) ;
#2067 = EDGE_CURVE ( 'NONE', #1712, #1413, #1774, .T. ) ;
#2068 = AXIS2_PLACEMENT_3D ( 'NONE', #1331, #1556, #938 ) ;
#2069 = LINE ( 'NONE', #849, #1939 ) ;
#2070 = ORIENTED_EDGE ( 'NONE', *, *, #1681, .T. ) ;
#2071 = CARTESIAN_POINT ( 'NONE',  ( -6.937339065434657434E-16, -40.25563991971686306, -4.336808689942017736E-16 ) ) ;
#2072 = CARTESIAN_POINT ( 'NONE',  ( -113.0000000000000000, -5.310000000000008491, -55.00000000000000000 ) ) ;
#2073 = VECTOR ( 'NONE', #176, 1000.000000000000000 ) ;
#2074 = AXIS2_PLACEMENT_3D ( 'NONE', #1873, #61, #1643 ) ;
#2075 = CIRCLE ( 'NONE', #1384, 2.000000000000002220 ) ;
#2076 = CARTESIAN_POINT ( 'NONE',  ( 115.9000000000000057, 10.31000000000003958, 10.00000000000000000 ) ) ;
#2077 = VECTOR ( 'NONE', #891, 1000.000000000000000 ) ;
#2078 = CARTESIAN_POINT ( 'NONE',  ( -9.999999999999992895, -39.68999999999998352, 38.05445069456157370 ) ) ;
#2079 = VERTEX_POINT ( 'NONE', #1582 ) ;
#2080 = DIRECTION ( 'NONE',  ( 0.000000000000000000, 0.000000000000000000, -1.000000000000000000 ) ) ;
#2081 = EDGE_CURVE ( 'NONE', #464, #661, #2401, .T. ) ;
#2082 = DIRECTION ( 'NONE',  ( -7.106757310125202753E-17, 0.6018150231520522642, 0.7986355100472898316 ) ) ;
#2083 = DIRECTION ( 'NONE',  ( -1.000000000000000000, 0.000000000000000000, 0.000000000000000000 ) ) ;
#2084 = CARTESIAN_POINT ( 'NONE',  ( 15.00000000000000000, -15.73093469858128479, 20.00000000000000000 ) ) ;
#2085 = ADVANCED_FACE ( 'NONE', ( #1010 ), #1602, .T. ) ;
#2086 = AXIS2_PLACEMENT_3D ( 'NONE', #1075, #80, #1112 ) ;
#2087 = DIRECTION ( 'NONE',  ( -1.302916513955365949E-16, 1.000000000000000000, -0.000000000000000000 ) ) ;
#2088 = ADVANCED_FACE ( 'NONE', ( #7 ), #571, .F. ) ;
#2089 = DIRECTION ( 'NONE',  ( 0.000000000000000000, 0.000000000000000000, -1.000000000000000000 ) ) ;
#2090 = ORIENTED_EDGE ( 'NONE', *, *, #2043, .F. ) ;
#2091 = CARTESIAN_POINT ( 'NONE',  ( -117.6490204086452422, 7.137400000000011957, -55.00000000000000000 ) ) ;
#2092 = LINE ( 'NONE', #1677, #827 ) ;
#2093 = CARTESIAN_POINT ( 'NONE',  ( 10.00000000000000711, -37.00170113013182771, 32.89833304789506485 ) ) ;
#2094 = CARTESIAN_POINT ( 'NONE',  ( 119.8274111699999764, 10.31000000000004135, 0.3767481894214538829 ) ) ;
#2095 = DIRECTION ( 'NONE',  ( -5.675708749154146716E-17, -7.394974657673891682E-33, 1.000000000000000000 ) ) ;
#2096 = LINE ( 'NONE', #1505, #1219 ) ;
#2097 = DIRECTION ( 'NONE',  ( -7.106757310125201520E-17, 0.6018150231520522642, 0.7986355100472898316 ) ) ;
#2098 = ORIENTED_EDGE ( 'NONE', *, *, #1866, .T. ) ;
#2099 = CARTESIAN_POINT ( 'NONE',  ( 14.99999999999999822, -44.68999999999996930, 38.05445069456157370 ) ) ;
#2100 = DIRECTION ( 'NONE',  ( 0.000000000000000000, 1.000000000000000000, 0.000000000000000000 ) ) ;
#2101 = DIRECTION ( 'NONE',  ( 0.000000000000000000, -0.7986355100472906088, 0.6018150231520511539 ) ) ;
#2102 = EDGE_CURVE ( 'NONE', #862, #2363, #589, .T. ) ;
#2103 = DIRECTION ( 'NONE',  ( -1.000000000000000000, -8.673617379884034239E-17, 0.000000000000000000 ) ) ;
#2104 = EDGE_LOOP ( 'NONE', ( #1303, #255, #2459, #1933 ) ) ;
#2105 = DIRECTION ( 'NONE',  ( 0.000000000000000000, 0.000000000000000000, 1.000000000000000000 ) ) ;
#2106 = CARTESIAN_POINT ( 'NONE',  ( 111.7068513962499736, 10.31000000000003958, -34.99999999999987210 ) ) ;
#2107 = DIRECTION ( 'NONE',  ( -7.106757310125201520E-17, 0.6018150231520522642, 0.7986355100472898316 ) ) ;
#2108 = ORIENTED_EDGE ( 'NONE', *, *, #430, .F. ) ;
#2109 = ADVANCED_FACE ( 'NONE', ( #2199 ), #1798, .T. ) ;
#2110 = CARTESIAN_POINT ( 'NONE',  ( -93.29314860374989848, -49.68999999999998352, -9.999999999999953815 ) ) ;
#2111 = DIRECTION ( 'NONE',  ( 0.000000000000000000, 0.000000000000000000, -1.000000000000000000 ) ) ;
#2112 = EDGE_LOOP ( 'NONE', ( #859, #1963, #672, #1747 ) ) ;
#2113 = LINE ( 'NONE', #1301, #1781 ) ;
#2114 = ORIENTED_EDGE ( 'NONE', *, *, #2494, .F. ) ;
#2115 = DIRECTION ( 'NONE',  ( -1.000000000000000000, 0.000000000000000000, 0.000000000000000000 ) ) ;
#2116 = AXIS2_PLACEMENT_3D ( 'NONE', #1055, #2462, #1489 ) ;
#2117 = ADVANCED_FACE ( 'NONE', ( #1178, #2567 ), #392, .T. ) ;
#2118 = AXIS2_PLACEMENT_3D ( 'NONE', #402, #54, #2183 ) ;
#2119 = ORIENTED_EDGE ( 'NONE', *, *, #292, .T. ) ;
#2120 = AXIS2_PLACEMENT_3D ( 'NONE', #170, #1741, #2152 ) ;
#2121 = AXIS2_PLACEMENT_3D ( 'NONE', #17, #2444, #1261 ) ;
#2122 = CARTESIAN_POINT ( 'NONE',  ( -116.4999999999999858, -0.2099999999999511147, 10.00000000000000178 ) ) ;
#2123 = EDGE_CURVE ( 'NONE', #2032, #1212, #2290, .T. ) ;
#2124 = DIRECTION ( 'NONE',  ( 0.000000000000000000, 0.000000000000000000, -1.000000000000000000 ) ) ;
#2125 = CIRCLE ( 'NONE', #2492, 3.000000000000000888 ) ;
#2126 = CARTESIAN_POINT ( 'NONE',  ( -113.2931486037500264, 10.31000000000000938, -25.00000000000004974 ) ) ;
#2127 = VERTEX_POINT ( 'NONE', #454 ) ;
#2128 = FACE_OUTER_BOUND ( 'NONE', #1575, .T. ) ;
#2129 = CARTESIAN_POINT ( 'NONE',  ( 106.7068513962499736, 5.310000000000044018, -25.00000000000008527 ) ) ;
#2130 = ORIENTED_EDGE ( 'NONE', *, *, #695, .F. ) ;
#2131 = CARTESIAN_POINT ( 'NONE',  ( -122.9999999999999858, -44.69000000000000483, -49.99999999999999289 ) ) ;
#2132 = FACE_OUTER_BOUND ( 'NONE', #923, .T. ) ;
#2133 = CARTESIAN_POINT ( 'NONE',  ( 111.7068513962499736, 10.31000000000003958, 20.00000000000000000 ) ) ;
#2134 = CARTESIAN_POINT ( 'NONE',  ( 111.7068513962499736, -10.30999999999998096, -34.99999999999983658 ) ) ;
#2135 = VERTEX_POINT ( 'NONE', #640 ) ;
#2136 = DIRECTION ( 'NONE',  ( 1.302916513955365949E-16, -1.000000000000000000, 0.000000000000000000 ) ) ;
#2137 = PLANE ( 'NONE',  #504 ) ;
#2138 = DIRECTION ( 'NONE',  ( 0.000000000000000000, 0.000000000000000000, 1.000000000000000000 ) ) ;
#2139 = ORIENTED_EDGE ( 'NONE', *, *, #1918, .F. ) ;
#2140 = DIRECTION ( 'NONE',  ( -1.367558940661350487E-16, -0.000000000000000000, 1.000000000000000000 ) ) ;
#2141 = DIRECTION ( 'NONE',  ( 1.302916513955365949E-16, -1.000000000000000000, 0.000000000000000000 ) ) ;
#2142 = CARTESIAN_POINT ( 'NONE',  ( -108.2931486037500122, -5.310000000000002274, -34.99999999999984368 ) ) ;
#2143 = ADVANCED_FACE ( 'NONE', ( #1670 ), #829, .T. ) ;
#2144 = CARTESIAN_POINT ( 'NONE',  ( 116.4999999999999858, -0.2099999999999513367, 10.00000000000000000 ) ) ;
#2145 = CARTESIAN_POINT ( 'NONE',  ( 10.00000000000000711, -44.68999999999996930, 33.49627676286267786 ) ) ;
#2146 = ORIENTED_EDGE ( 'NONE', *, *, #1943, .F. ) ;
#2147 = LINE ( 'NONE', #1748, #2040 ) ;
#2148 = EDGE_CURVE ( 'NONE', #2135, #990, #259, .T. ) ;
#2149 = FACE_BOUND ( 'NONE', #1403, .T. ) ;
#2150 = EDGE_LOOP ( 'NONE', ( #976, #1150, #1705, #2573 ) ) ;
#2151 = CIRCLE ( 'NONE', #2243, 3.172588830000003135 ) ;
#2152 = DIRECTION ( 'NONE',  ( 1.000000000000000000, 1.302916513955365949E-16, 0.000000000000000000 ) ) ;
#2153 = ORIENTED_EDGE ( 'NONE', *, *, #2322, .F. ) ;
#2154 = CYLINDRICAL_SURFACE ( 'NONE', #1898, 3.172599999999997422 ) ;
#2155 = AXIS2_PLACEMENT_3D ( 'NONE', #868, #1522, #527 ) ;
#2156 = AXIS2_PLACEMENT_3D ( 'NONE', #1614, #2434, #1449 ) ;
#2157 = EDGE_CURVE ( 'NONE', #878, #1599, #2526, .T. ) ;
#2158 = DIRECTION ( 'NONE',  ( -1.000000000000000000, 0.000000000000000000, 0.000000000000000000 ) ) ;
#2159 = CIRCLE ( 'NONE', #2204, 20.00000000000000355 ) ;
#2160 = CIRCLE ( 'NONE', #875, 20.00000000000000355 ) ;
#2161 = FACE_BOUND ( 'NONE', #799, .T. ) ;
#2162 = EDGE_CURVE ( 'NONE', #846, #1198, #1130, .T. ) ;
#2163 = CARTESIAN_POINT ( 'NONE',  ( -2.455187556772670650E-15, -19.07233392957017770, 19.38758577813149131 ) ) ;
#2164 = VERTEX_POINT ( 'NONE', #73 ) ;
#2165 = CARTESIAN_POINT ( 'NONE',  ( -14.99999999999999645, -39.68999999999998352, 38.05445069456157370 ) ) ;
#2166 = EDGE_CURVE ( 'NONE', #2525, #2501, #332, .T. ) ;
#2167 = APPLICATION_PROTOCOL_DEFINITION ( 'draft international standard', 'automotive_design', 1998, #1914 ) ;
#2168 = EDGE_LOOP ( 'NONE', ( #777, #1249, #2098, #913 ) ) ;
#2169 = DIRECTION ( 'NONE',  ( 1.000000000000000000, 1.284980352575412946E-16, -0.000000000000000000 ) ) ;
#2170 = ORIENTED_EDGE ( 'NONE', *, *, #1294, .T. ) ;
#2171 = DIRECTION ( 'NONE',  ( 0.000000000000000000, 1.000000000000000000, 0.000000000000000000 ) ) ;
#2172 =( LENGTH_UNIT ( ) NAMED_UNIT ( * ) SI_UNIT ( .MILLI., .METRE. ) );
#2173 = CARTESIAN_POINT ( 'NONE',  ( -115.1625339212006480, 8.261865931233268512, -59.04832671736895122 ) ) ;
#2174 = DIRECTION ( 'NONE',  ( 1.000000000000000000, 1.302916513955365949E-16, 0.000000000000000000 ) ) ;
#2175 = ADVANCED_FACE ( 'NONE', ( #612 ), #1419, .T. ) ;
#2176 = EDGE_LOOP ( 'NONE', ( #1411, #518, #2285, #1668 ) ) ;
#2177 = LINE ( 'NONE', #362, #2373 ) ;
#2178 = VECTOR ( 'NONE', #1659, 1000.000000000000000 ) ;
#2179 = ORIENTED_EDGE ( 'NONE', *, *, #1745, .F. ) ;
#2180 = CIRCLE ( 'NONE', #1106, 3.000000000000000888 ) ;
#2181 = DIRECTION ( 'NONE',  ( 0.000000000000000000, 0.000000000000000000, 1.000000000000000000 ) ) ;
#2182 = ORIENTED_EDGE ( 'NONE', *, *, #49, .T. ) ;
#2183 = DIRECTION ( 'NONE',  ( -1.000000000000000000, -1.156482317317871478E-16, 1.850371707708594366E-15 ) ) ;
#2184 = EDGE_CURVE ( 'NONE', #1189, #2079, #219, .T. ) ;
#2185 = FILL_AREA_STYLE_COLOUR ( '', #1340 ) ;
#2186 = DIRECTION ( 'NONE',  ( -0.000000000000000000, -0.000000000000000000, -1.000000000000000000 ) ) ;
#2187 = DIRECTION ( 'NONE',  ( -6.938893903907222067E-15, 0.000000000000000000, -1.000000000000000000 ) ) ;
#2188 = VERTEX_POINT ( 'NONE', #1857 ) ;
#2189 = FACE_OUTER_BOUND ( 'NONE', #1385, .T. ) ;
#2190 = ORIENTED_EDGE ( 'NONE', *, *, #1740, .T. ) ;
#2191 = EDGE_CURVE ( 'NONE', #1383, #620, #540, .T. ) ;
#2192 = CARTESIAN_POINT ( 'NONE',  ( -9.999999999999991118, -44.68999999999996930, 22.69561584556659284 ) ) ;
#2193 = CARTESIAN_POINT ( 'NONE',  ( -2.700116916602141735E-15, -20.66960494966476247, 20.59121582443560072 ) ) ;
#2194 = ORIENTED_EDGE ( 'NONE', *, *, #1523, .T. ) ;
#2195 = CARTESIAN_POINT ( 'NONE',  ( -123.0000000000000000, -5.310000000000009379, 20.00000000000000000 ) ) ;
#2196 = AXIS2_PLACEMENT_3D ( 'NONE', #310, #1115, #1926 ) ;
#2197 = CARTESIAN_POINT ( 'NONE',  ( -116.4999999999999858, -0.2099999999999511147, 13.00000000000000178 ) ) ;
#2198 = ADVANCED_FACE ( 'NONE', ( #18 ), #816, .T. ) ;
#2199 = FACE_OUTER_BOUND ( 'NONE', #2223, .T. ) ;
#2200 = CIRCLE ( 'NONE', #1588, 3.172588830000003135 ) ;
#2201 = CIRCLE ( 'NONE', #1806, 4.999999999999997335 ) ;
#2202 = CARTESIAN_POINT ( 'NONE',  ( 106.7068513962499878, -49.68999999999995509, -34.99999999999987210 ) ) ;
#2203 = VECTOR ( 'NONE', #1843, 1000.000000000000000 ) ;
#2204 = AXIS2_PLACEMENT_3D ( 'NONE', #1967, #1191, #2589 ) ;
#2205 = VECTOR ( 'NONE', #579, 1000.000000000000000 ) ;
#2206 = CARTESIAN_POINT ( 'NONE',  ( -119.8093570153282741, 10.31000000000000583, -57.32343205319741486 ) ) ;
#2207 = ORIENTED_EDGE ( 'NONE', *, *, #2451, .T. ) ;
#2208 = CARTESIAN_POINT ( 'NONE',  ( 113.6111557430068899, 5.525873198900622896, -59.98598749409318032 ) ) ;
#2209 = ORIENTED_EDGE ( 'NONE', *, *, #1542, .F. ) ;
#2210 = ORIENTED_EDGE ( 'NONE', *, *, #2246, .F. ) ;
#2211 = CIRCLE ( 'NONE', #126, 5.000000000000004441 ) ;
#2212 = CARTESIAN_POINT ( 'NONE',  ( -113.6111332104478464, 5.525863810328487169, -60.00000000000000711 ) ) ;
#2213 = DIRECTION ( 'NONE',  ( 1.000000000000000000, 2.540825901480521881E-16, 0.000000000000000000 ) ) ;
#2214 = VERTEX_POINT ( 'NONE', #1782 ) ;
#2215 = FACE_OUTER_BOUND ( 'NONE', #399, .T. ) ;
#2216 = DIRECTION ( 'NONE',  ( -3.542661965915878460E-16, 1.000000000000000000, 0.000000000000000000 ) ) ;
#2217 = DIRECTION ( 'NONE',  ( -1.302916513955365949E-16, 1.000000000000000000, -0.000000000000000000 ) ) ;
#2218 = CARTESIAN_POINT ( 'NONE',  ( 112.9999999999999716, 5.310000000000040465, -60.00000000000000000 ) ) ;
#2219 = CARTESIAN_POINT ( 'NONE',  ( -115.5477090502026698, 7.305329206540642772, -59.69553992445530355 ) ) ;
#2220 = ORIENTED_EDGE ( 'NONE', *, *, #1354, .F. ) ;
#2221 = CARTESIAN_POINT ( 'NONE',  ( 112.9999999999999716, 5.310000000000022702, -60.00000000000000000 ) ) ;
#2222 = CIRCLE ( 'NONE', #1658, 15.00000000000000000 ) ;
#2223 = EDGE_LOOP ( 'NONE', ( #224, #513, #351, #1445 ) ) ;
#2224 = ORIENTED_EDGE ( 'NONE', *, *, #2067, .T. ) ;
#2225 = CARTESIAN_POINT ( 'NONE',  ( -2.877785849355271601E-15, -19.16506739178462482, 22.58780459955382369 ) ) ;
#2226 = VERTEX_POINT ( 'NONE', #766 ) ;
#2227 = LINE ( 'NONE', #2467, #1472 ) ;
#2228 = DIRECTION ( 'NONE',  ( -1.284980352575412946E-16, 1.000000000000000000, 0.000000000000000000 ) ) ;
#2229 = CARTESIAN_POINT ( 'NONE',  ( 17.49999999999999645, -12.81000000000001116, 0.000000000000000000 ) ) ;
#2230 = CARTESIAN_POINT ( 'NONE',  ( 117.6490204086452422, 10.31000000000004135, -54.99999999999997868 ) ) ;
#2231 = EDGE_CURVE ( 'NONE', #2214, #1673, #448, .T. ) ;
#2232 = CARTESIAN_POINT ( 'NONE',  ( -113.8112113231810838, 6.458487006209067793, -59.90138961766764680 ) ) ;
#2233 = ORIENTED_EDGE ( 'NONE', *, *, #1760, .F. ) ;
#2234 = DIRECTION ( 'NONE',  ( -0.000000000000000000, 1.000000000000000000, -0.000000000000000000 ) ) ;
#2235 = ORIENTED_EDGE ( 'NONE', *, *, #280, .T. ) ;
#2236 = EDGE_CURVE ( 'NONE', #2214, #2268, #2560, .T. ) ;
#2237 = ORIENTED_EDGE ( 'NONE', *, *, #1620, .F. ) ;
#2238 = CARTESIAN_POINT ( 'NONE',  ( -122.9999999999901661, 7.137405584999989117, 0.000000000000000000 ) ) ;
#2239 = ORIENTED_EDGE ( 'NONE', *, *, #2102, .T. ) ;
#2240 = DIRECTION ( 'NONE',  ( 0.000000000000000000, 0.000000000000000000, -1.000000000000000000 ) ) ;
#2241 = LINE ( 'NONE', #2202, #1168 ) ;
#2242 = EDGE_CURVE ( 'NONE', #2493, #1162, #2407, .T. ) ;
#2243 = AXIS2_PLACEMENT_3D ( 'NONE', #1934, #520, #1541 ) ;
#2244 = CYLINDRICAL_SURFACE ( 'NONE', #495, 2.999999999999999112 ) ;
#2245 = ORIENTED_EDGE ( 'NONE', *, *, #562, .F. ) ;
#2246 = EDGE_CURVE ( 'NONE', #158, #2540, #1098, .T. ) ;
#2247 = CARTESIAN_POINT ( 'NONE',  ( -93.29314860374987006, 10.31000000000001293, -54.99999999999994316 ) ) ;
#2248 = AXIS2_PLACEMENT_3D ( 'NONE', #2516, #2495, #2100 ) ;
#2249 = TOROIDAL_SURFACE ( 'NONE', #740, 6.827400000000038105, 3.172599999999998310 ) ;
#2250 = EDGE_LOOP ( 'NONE', ( #2264, #757, #63, #118 ) ) ;
#2251 = EDGE_LOOP ( 'NONE', ( #1885, #1573, #999, #806 ) ) ;
#2252 = AXIS2_PLACEMENT_3D ( 'NONE', #2456, #2058, #1046 ) ;
#2253 =( GEOMETRIC_REPRESENTATION_CONTEXT ( 3 ) GLOBAL_UNCERTAINTY_ASSIGNED_CONTEXT ( ( #116 ) ) GLOBAL_UNIT_ASSIGNED_CONTEXT ( ( #1136, #1749, #488 ) ) REPRESENTATION_CONTEXT ( 'NONE', 'WORKASPACE' ) );
#2254 = CARTESIAN_POINT ( 'NONE',  ( 123.0000000000000000, 7.137411170000018679, 20.00000000000000000 ) ) ;
#2255 = DIRECTION ( 'NONE',  ( 1.000000000000000000, 1.284980352575412946E-16, -1.500301384628591852E-16 ) ) ;
#2256 = ORIENTED_EDGE ( 'NONE', *, *, #562, .T. ) ;
#2257 = CARTESIAN_POINT ( 'NONE',  ( -112.9000000000000057, 3.810000000000012044, 10.00000000000000000 ) ) ;
#2258 = CARTESIAN_POINT ( 'NONE',  ( 115.0200880440686149, 8.092920064373867461, -59.20065862453623851 ) ) ;
#2259 = AXIS2_PLACEMENT_3D ( 'NONE', #151, #1971, #168 ) ;
#2260 = ORIENTED_EDGE ( 'NONE', *, *, #1102, .F. ) ;
#2261 = EDGE_CURVE ( 'NONE', #2471, #2274, #670, .T. ) ;
#2262 = CARTESIAN_POINT ( 'NONE',  ( 116.5234763258131920, 9.746795801090179623, -57.33042676825741779 ) ) ;
#2263 = ORIENTED_EDGE ( 'NONE', *, *, #1119, .F. ) ;
#2264 = ORIENTED_EDGE ( 'NONE', *, *, #1790, .F. ) ;
#2265 = CARTESIAN_POINT ( 'NONE',  ( -118.0000000000000000, -5.310000000000010267, -49.99999999999999289 ) ) ;
#2266 = AXIS2_PLACEMENT_3D ( 'NONE', #776, #2042, #1226 ) ;
#2267 = CARTESIAN_POINT ( 'NONE',  ( -14.99999999999999645, -44.68999999999996930, 38.05445069456157370 ) ) ;
#2268 = VERTEX_POINT ( 'NONE', #237 ) ;
#2269 = FACE_OUTER_BOUND ( 'NONE', #528, .T. ) ;
#2270 = ADVANCED_FACE ( 'NONE', ( #1045, #1623 ), #707, .F. ) ;
#2271 = CARTESIAN_POINT ( 'NONE',  ( 116.4999999999999858, -0.2099999999999513367, 6.999999999999999112 ) ) ;
#2272 = DIRECTION ( 'NONE',  ( -1.000000000000000000, 0.000000000000000000, 0.000000000000000000 ) ) ;
#2273 = VERTEX_POINT ( 'NONE', #2093 ) ;
#2274 = VERTEX_POINT ( 'NONE', #1305 ) ;
#2275 = DIRECTION ( 'NONE',  ( -1.000000000000000000, -0.000000000000000000, -0.000000000000000000 ) ) ;
#2276 = DIRECTION ( 'NONE',  ( -1.302916513955365949E-16, 1.000000000000000000, -0.000000000000000000 ) ) ;
#2277 = LINE ( 'NONE', #450, #1808 ) ;
#2278 = ORIENTED_EDGE ( 'NONE', *, *, #1070, .F. ) ;
#2279 = ADVANCED_FACE ( 'NONE', ( #105 ), #2137, .F. ) ;
#2280 = LINE ( 'NONE', #452, #501 ) ;
#2281 = CARTESIAN_POINT ( 'NONE',  ( -9.999999999999992895, -39.59726653778552219, 34.85423187313923421 ) ) ;
#2282 = ADVANCED_FACE ( 'NONE', ( #2460 ), #403, .F. ) ;
#2283 = CARTESIAN_POINT ( 'NONE',  ( -113.2931486037500122, -5.310000000000008491, -34.99999999999984368 ) ) ;
#2284 = AXIS2_PLACEMENT_3D ( 'NONE', #2144, #322, #1126 ) ;
#2285 = ORIENTED_EDGE ( 'NONE', *, *, #1144, .F. ) ;
#2286 = DIRECTION ( 'NONE',  ( -7.106757310125201520E-17, 0.6018150231520522642, 0.7986355100472898316 ) ) ;
#2287 = AXIS2_PLACEMENT_3D ( 'NONE', #481, #319, #922 ) ;
#2288 = DIRECTION ( 'NONE',  ( -0.000000000000000000, -0.000000000000000000, -1.000000000000000000 ) ) ;
#2289 = CIRCLE ( 'NONE', #911, 3.000000000000002665 ) ;
#2290 = CIRCLE ( 'NONE', #2365, 2.499999999999998668 ) ;
#2291 = VECTOR ( 'NONE', #15, 1000.000000000000000 ) ;
#2292 = CARTESIAN_POINT ( 'NONE',  ( 15.00000000000000355, -39.68999999999997641, 38.05445069456157370 ) ) ;
#2293 = VECTOR ( 'NONE', #238, 1000.000000000000000 ) ;
#2294 = LINE ( 'NONE', #1884, #1134 ) ;
#2295 = EDGE_LOOP ( 'NONE', ( #1839, #1229 ) ) ;
#2296 = EDGE_CURVE ( 'NONE', #1920, #2005, #905, .T. ) ;
#2297 = CARTESIAN_POINT ( 'NONE',  ( -119.3060060078481115, 7.117459903202874472, -57.76809077702991146 ) ) ;
#2298 = LINE ( 'NONE', #1686, #1255 ) ;
#2299 = TOROIDAL_SURFACE ( 'NONE', #1859, 5.000000000000036415, 5.000000000000000000 ) ;
#2300 = EDGE_LOOP ( 'NONE', ( #1766, #539 ) ) ;
#2301 = LINE ( 'NONE', #251, #593 ) ;
#2302 = ADVANCED_FACE ( 'NONE', ( #2506, #1081 ), #1887, .F. ) ;
#2303 = CARTESIAN_POINT ( 'NONE',  ( 123.0000000000000000, -0.2099999999999513367, 6.999999999999999112 ) ) ;
#2304 = DIRECTION ( 'NONE',  ( -1.000000000000000000, 0.000000000000000000, 0.000000000000000000 ) ) ;
#2305 = ORIENTED_EDGE ( 'NONE', *, *, #1395, .F. ) ;
#2306 = CARTESIAN_POINT ( 'NONE',  ( 10.00000000000000711, -39.59726653778551508, 34.85423187313923421 ) ) ;
#2307 = DIRECTION ( 'NONE',  ( -7.106757310125201520E-17, 0.6018150231520522642, 0.7986355100472898316 ) ) ;
#2308 = ORIENTED_EDGE ( 'NONE', *, *, #1144, .T. ) ;
#2309 = DIRECTION ( 'NONE',  ( 6.245004513516500018E-15, -6.245004513516500018E-15, -1.000000000000000000 ) ) ;
#2310 = EDGE_CURVE ( 'NONE', #2320, #1618, #2515, .T. ) ;
#2311 = ORIENTED_EDGE ( 'NONE', *, *, #301, .T. ) ;
#2312 = DIRECTION ( 'NONE',  ( 0.000000000000000000, 0.000000000000000000, -1.000000000000000000 ) ) ;
#2313 = EDGE_CURVE ( 'NONE', #990, #1186, #2125, .T. ) ;
#2314 = ORIENTED_EDGE ( 'NONE', *, *, #328, .F. ) ;
#2315 = CARTESIAN_POINT ( 'NONE',  ( 14.99807155369126122, 10.31000000000002714, 19.99999999999999289 ) ) ;
#2316 = CARTESIAN_POINT ( 'NONE',  ( 91.70685139624997362, 5.310000000000036913, -24.99999999999997513 ) ) ;
#2317 = CARTESIAN_POINT ( 'NONE',  ( 10.00000000000000711, -44.68999999999996930, 33.49627676286267786 ) ) ;
#2318 = DIRECTION ( 'NONE',  ( -1.000000000000000000, -1.156482317317871478E-16, 0.000000000000000000 ) ) ;
#2319 = ADVANCED_FACE ( 'NONE', ( #463 ), #1440, .F. ) ;
#2320 = VERTEX_POINT ( 'NONE', #234 ) ;
#2321 = CARTESIAN_POINT ( 'NONE',  ( 91.70685139624981730, 5.310000000000036913, -54.99999999999997158 ) ) ;
#2322 = EDGE_CURVE ( 'NONE', #1033, #1099, #1905, .T. ) ;
#2323 = VECTOR ( 'NONE', #300, 1000.000000000000000 ) ;
#2324 = AXIS2_PLACEMENT_3D ( 'NONE', #395, #1195, #288 ) ;
#2325 = AXIS2_PLACEMENT_3D ( 'NONE', #1785, #2576, #2388 ) ;
#2326 = ORIENTED_EDGE ( 'NONE', *, *, #2494, .T. ) ;
#2327 = CIRCLE ( 'NONE', #2405, 15.00000000000000000 ) ;
#2328 = AXIS2_PLACEMENT_3D ( 'NONE', #811, #3, #1838 ) ;
#2329 = CIRCLE ( 'NONE', #38, 5.000000000000000000 ) ;
#2330 = CARTESIAN_POINT ( 'NONE',  ( -9.999999999999991118, -51.63356700082656658, 18.88152167219343980 ) ) ;
#2331 = PLANE ( 'NONE',  #537 ) ;
#2332 = AXIS2_PLACEMENT_3D ( 'NONE', #2500, #281, #1493 ) ;
#2333 = CARTESIAN_POINT ( 'NONE',  ( -93.29314860374989848, -5.310000000000009379, -49.99999999999995026 ) ) ;
#2334 = CIRCLE ( 'NONE', #1348, 4.999999999999997335 ) ;
#2335 = FACE_OUTER_BOUND ( 'NONE', #1538, .T. ) ;
#2336 = ORIENTED_EDGE ( 'NONE', *, *, #1248, .F. ) ;
#2337 = FACE_OUTER_BOUND ( 'NONE', #222, .T. ) ;
#2338 = AXIS2_PLACEMENT_3D ( 'NONE', #1550, #315, #1574 ) ;
#2339 = ORIENTED_EDGE ( 'NONE', *, *, #490, .T. ) ;
#2340 = ADVANCED_FACE ( 'NONE', ( #1278 ), #39, .T. ) ;
#2341 = CARTESIAN_POINT ( 'NONE',  ( -15.00000000000000533, -12.80999999999999694, 17.79891782779826670 ) ) ;
#2342 = DIRECTION ( 'NONE',  ( -1.302916513955365949E-16, 1.000000000000000000, -0.000000000000000000 ) ) ;
#2343 = EDGE_CURVE ( 'NONE', #2188, #1549, #2069, .T. ) ;
#2344 = CARTESIAN_POINT ( 'NONE',  ( -113.2931486037500264, 10.31000000000000938, -34.99999999999980815 ) ) ;
#2345 = CARTESIAN_POINT ( 'NONE',  ( -113.0000000000000000, -44.68999999999999773, -60.00000000000000000 ) ) ;
#2346 = EDGE_LOOP ( 'NONE', ( #1823, #1784, #303, #211, #2596, #1021, #1237, #1833, #2392, #550, #1754, #2224, #2575, #127, #1625, #2311, #1908, #137 ) ) ;
#2347 = DIRECTION ( 'NONE',  ( 3.542661965915877967E-16, -1.000000000000000000, 0.000000000000000000 ) ) ;
#2348 = CARTESIAN_POINT ( 'NONE',  ( 91.70685139624998783, -5.309999999999980957, -34.99999999999997868 ) ) ;
#2349 = ORIENTED_EDGE ( 'NONE', *, *, #1918, .T. ) ;
#2350 = CARTESIAN_POINT ( 'NONE',  ( -3.499999999999988010, -44.68999999999996930, 22.69561584556659994 ) ) ;
#2351 = ADVANCED_FACE ( 'NONE', ( #1430 ), #1387, .T. ) ;
#2352 = DIRECTION ( 'NONE',  ( -1.284980352575412946E-16, 1.000000000000000000, 0.000000000000000000 ) ) ;
#2353 = CARTESIAN_POINT ( 'NONE',  ( -15.00000000000000711, -12.80999999999999517, 0.000000000000000000 ) ) ;
#2354 = CARTESIAN_POINT ( 'NONE',  ( 91.70685139624998783, -5.309999999999980957, -24.99999999999997513 ) ) ;
#2355 = CARTESIAN_POINT ( 'NONE',  ( -115.9000000000000057, 10.31000000000001116, 10.00000000000000000 ) ) ;
#2356 = ORIENTED_EDGE ( 'NONE', *, *, #2261, .F. ) ;
#2357 = CARTESIAN_POINT ( 'NONE',  ( -15.00000000000000000, -15.73093469858128479, 20.00000000000000000 ) ) ;
#2358 = PLANE ( 'NONE',  #164 ) ;
#2359 = DIRECTION ( 'NONE',  ( 1.000000000000000000, 0.000000000000000000, -0.000000000000000000 ) ) ;
#2360 = VERTEX_POINT ( 'NONE', #2254 ) ;
#2361 = EDGE_CURVE ( 'NONE', #227, #2514, #279, .T. ) ;
#2362 = CARTESIAN_POINT ( 'NONE',  ( 14.99807155369126122, 10.31000000000002004, 0.3767481894214608218 ) ) ;
#2363 = VERTEX_POINT ( 'NONE', #1824 ) ;
#2364 = DIRECTION ( 'NONE',  ( 0.000000000000000000, -0.7986355100472906088, 0.6018150231520511539 ) ) ;
#2365 = AXIS2_PLACEMENT_3D ( 'NONE', #2229, #204, #664 ) ;
#2366 = FILL_AREA_STYLE ('',( #2185 ) ) ;
#2367 = CARTESIAN_POINT ( 'NONE',  ( -114.5285701669170066, 7.437574420351138471, -59.53569407044969353 ) ) ;
#2368 = CARTESIAN_POINT ( 'NONE',  ( 10.00000000000000888, -56.59650747659608072, 8.972196931568293010 ) ) ;
#2369 = ORIENTED_EDGE ( 'NONE', *, *, #1354, .T. ) ;
#2370 = DIRECTION ( 'NONE',  ( -1.000000000000000000, 0.000000000000000000, 8.326672684688678786E-15 ) ) ;
#2371 = EDGE_CURVE ( 'NONE', #383, #1618, #2096, .T. ) ;
#2372 = ORIENTED_EDGE ( 'NONE', *, *, #133, .F. ) ;
#2373 = VECTOR ( 'NONE', #1118, 1000.000000000000000 ) ;
#2374 = DIRECTION ( 'NONE',  ( -1.302916513955365949E-16, 1.000000000000000000, -0.000000000000000000 ) ) ;
#2375 = CYLINDRICAL_SURFACE ( 'NONE', #1380, 5.000000000000004441 ) ;
#2376 = ORIENTED_EDGE ( 'NONE', *, *, #1695, .T. ) ;
#2377 = CARTESIAN_POINT ( 'NONE',  ( -9.999999999999991118, -58.19377849669066194, 10.17582697787239709 ) ) ;
#2378 = DIRECTION ( 'NONE',  ( -1.000000000000000000, -1.445602896647337931E-16, 0.000000000000000000 ) ) ;
#2379 = DIRECTION ( 'NONE',  ( 1.000000000000000000, 1.180887321971960062E-16, 0.000000000000000000 ) ) ;
#2380 = DIRECTION ( 'NONE',  ( -1.000000000000000000, -1.284980352575412946E-16, 0.000000000000000000 ) ) ;
#2381 = ORIENTED_EDGE ( 'NONE', *, *, #2067, .F. ) ;
#2382 = EDGE_CURVE ( 'NONE', #2505, #655, #919, .T. ) ;
#2383 = CARTESIAN_POINT ( 'NONE',  ( -112.9000000000000057, 10.31000000000001116, 10.00000000000000000 ) ) ;
#2384 = EDGE_LOOP ( 'NONE', ( #1454, #458, #653, #486 ) ) ;
#2385 = ADVANCED_FACE ( 'NONE', ( #1883 ), #552, .T. ) ;
#2386 = DIRECTION ( 'NONE',  ( -1.000000000000000000, 0.000000000000000000, 1.500301384628591852E-16 ) ) ;
#2387 = ORIENTED_EDGE ( 'NONE', *, *, #515, .T. ) ;
#2388 = DIRECTION ( 'NONE',  ( 1.000000000000000000, 0.000000000000000000, -1.218994875010730849E-16 ) ) ;
#2389 = DIRECTION ( 'NONE',  ( -1.000000000000000000, 0.000000000000000000, 0.000000000000000000 ) ) ;
#2390 = CARTESIAN_POINT ( 'NONE',  ( 116.9462619565822763, 10.07067404130632582, -56.57586605112047806 ) ) ;
#2391 = FACE_OUTER_BOUND ( 'NONE', #2397, .T. ) ;
#2392 = ORIENTED_EDGE ( 'NONE', *, *, #404, .T. ) ;
#2393 = DIRECTION ( 'NONE',  ( -1.000000000000000000, 0.000000000000000000, 0.000000000000000000 ) ) ;
#2394 = ORIENTED_EDGE ( 'NONE', *, *, #1671, .T. ) ;
#2395 = ORIENTED_EDGE ( 'NONE', *, *, #308, .T. ) ;
#2396 = DIRECTION ( 'NONE',  ( 0.000000000000000000, -0.7986355100472900537, 0.6018150231520520421 ) ) ;
#2397 = EDGE_LOOP ( 'NONE', ( #1733, #1272, #1079, #13 ) ) ;
#2398 = DIRECTION ( 'NONE',  ( 1.000000000000000000, 0.000000000000000000, 0.000000000000000000 ) ) ;
#2399 = AXIS2_PLACEMENT_3D ( 'NONE', #1247, #48, #831 ) ;
#2400 =( NAMED_UNIT ( * ) PLANE_ANGLE_UNIT ( ) SI_UNIT ( $, .RADIAN. ) );
#2401 = LINE ( 'NONE', #1392, #1937 ) ;
#2402 = VECTOR ( 'NONE', #1082, 1000.000000000000000 ) ;
#2403 = CIRCLE ( 'NONE', #1721, 2.500000000000000444 ) ;
#2404 = CARTESIAN_POINT ( 'NONE',  ( 116.3412145482261479, 7.919146160026584447, -59.44419600033037199 ) ) ;
#2405 = AXIS2_PLACEMENT_3D ( 'NONE', #1204, #2473, #1220 ) ;
#2406 = TOROIDAL_SURFACE ( 'NONE', #830, 4.999999999999981348, 5.000000000000000000 ) ;
#2407 = CIRCLE ( 'NONE', #629, 9.999999999999980460 ) ;
#2408 = CARTESIAN_POINT ( 'NONE',  ( -116.6151624531369322, 8.129851440978065114, -59.34446224457936125 ) ) ;
#2409 = ORIENTED_EDGE ( 'NONE', *, *, #2535, .F. ) ;
#2410 = DIRECTION ( 'NONE',  ( -1.000000000000000000, -8.673617379884034239E-17, 0.000000000000000000 ) ) ;
#2411 = ORIENTED_EDGE ( 'NONE', *, *, #2443, .T. ) ;
#2412 = ORIENTED_EDGE ( 'NONE', *, *, #2036, .F. ) ;
#2413 = AXIS2_PLACEMENT_3D ( 'NONE', #94, #1863, #2115 ) ;
#2414 = CARTESIAN_POINT ( 'NONE',  ( -116.0233623555915869, 6.347761456491058496, -59.55207082911793748 ) ) ;
#2415 = FACE_OUTER_BOUND ( 'NONE', #556, .T. ) ;
#2416 = ORIENTED_EDGE ( 'NONE', *, *, #2528, .T. ) ;
#2417 = DIRECTION ( 'NONE',  ( -1.000000000000000000, 0.000000000000000000, -0.000000000000000000 ) ) ;
#2418 = CARTESIAN_POINT ( 'NONE',  ( 112.9999999999999716, 7.137400000000043931, -49.99999999999996447 ) ) ;
#2419 = DIRECTION ( 'NONE',  ( -1.302916513955366196E-16, 1.000000000000000000, -0.000000000000000000 ) ) ;
#2420 = ADVANCED_FACE ( 'NONE', ( #316 ), #1534, .T. ) ;
#2421 = CARTESIAN_POINT ( 'NONE',  ( -117.6733657701787905, 6.817546541128089110, -58.84638404384149624 ) ) ;
#2422 = EDGE_LOOP ( 'NONE', ( #1952, #1930 ) ) ;
#2423 = DIRECTION ( 'NONE',  ( 1.302916513955365949E-16, -1.000000000000000000, 0.000000000000000000 ) ) ;
#2424 = CIRCLE ( 'NONE', #181, 4.999999999999997335 ) ;
#2425 = EDGE_LOOP ( 'NONE', ( #429, #534 ) ) ;
#2426 = ORIENTED_EDGE ( 'NONE', *, *, #921, .T. ) ;
#2427 = CARTESIAN_POINT ( 'NONE',  ( -119.8093570153283025, 7.137400000000011957, -57.32343205319742196 ) ) ;
#2428 = PLANE ( 'NONE',  #586 ) ;
#2429 = ORIENTED_EDGE ( 'NONE', *, *, #554, .T. ) ;
#2430 = CIRCLE ( 'NONE', #1282, 5.000000000000004441 ) ;
#2431 = EDGE_CURVE ( 'NONE', #2505, #1618, #658, .T. ) ;
#2432 = EDGE_CURVE ( 'NONE', #1383, #862, #1485, .T. ) ;
#2433 = LINE ( 'NONE', #611, #628 ) ;
#2434 = DIRECTION ( 'NONE',  ( -1.302916513955365949E-16, 1.000000000000000000, 0.000000000000000000 ) ) ;
#2435 = CARTESIAN_POINT ( 'NONE',  ( 119.5614124841996073, 7.137399987839144089, -57.55397189028325045 ) ) ;
#2436 = CARTESIAN_POINT ( 'NONE',  ( -113.4074220750189284, 5.886725815504034287, -60.00000000000000000 ) ) ;
#2437 = ORIENTED_EDGE ( 'NONE', *, *, #1949, .F. ) ;
#2438 = CARTESIAN_POINT ( 'NONE',  ( -16.49999999999999289, -44.68999999999996930, 33.49627676286267075 ) ) ;
#2439 = VERTEX_POINT ( 'NONE', #646 ) ;
#2440 = ORIENTED_EDGE ( 'NONE', *, *, #1310, .F. ) ;
#2441 = DIRECTION ( 'NONE',  ( 1.000000000000000000, 0.000000000000000000, -0.000000000000000000 ) ) ;
#2442 = ORIENTED_EDGE ( 'NONE', *, *, #263, .F. ) ;
#2443 = EDGE_CURVE ( 'NONE', #778, #1198, #2160, .T. ) ;
#2444 = DIRECTION ( 'NONE',  ( -7.106757310125201520E-17, 0.6018150231520522642, 0.7986355100472898316 ) ) ;
#2445 = DIRECTION ( 'NONE',  ( -1.000000000000000000, -4.276953315129017071E-17, -5.675708749154146716E-17 ) ) ;
#2446 = CARTESIAN_POINT ( 'NONE',  ( 119.4370228772187517, 10.11606525432901371, -57.66962981100757446 ) ) ;
#2447 = VECTOR ( 'NONE', #472, 1000.000000000000000 ) ;
#2448 = AXIS2_PLACEMENT_3D ( 'NONE', #1190, #389, #188 ) ;
#2449 = EDGE_LOOP ( 'NONE', ( #2585, #2484 ) ) ;
#2450 = CARTESIAN_POINT ( 'NONE',  ( 113.2207377624957303, 5.622464878809813271, -59.99266077598271352 ) ) ;
#2451 = EDGE_CURVE ( 'NONE', #1649, #2127, #587, .T. ) ;
#2452 = AXIS2_PLACEMENT_3D ( 'NONE', #1032, #2018, #1020 ) ;
#2453 = VERTEX_POINT ( 'NONE', #1443 ) ;
#2454 = EDGE_LOOP ( 'NONE', ( #1716, #1279, #812, #1611 ) ) ;
#2455 = AXIS2_PLACEMENT_3D ( 'NONE', #880, #2304, #1283 ) ;
#2456 = CARTESIAN_POINT ( 'NONE',  ( -112.9000000000000057, 3.810000000000012044, 10.00000000000000000 ) ) ;
#2457 = ADVANCED_FACE ( 'NONE', ( #1865 ), #268, .F. ) ;
#2458 = DIRECTION ( 'NONE',  ( 0.000000000000000000, 0.000000000000000000, -1.000000000000000000 ) ) ;
#2459 = ORIENTED_EDGE ( 'NONE', *, *, #1817, .T. ) ;
#2460 = FACE_OUTER_BOUND ( 'NONE', #2168, .T. ) ;
#2461 = DIRECTION ( 'NONE',  ( -1.180887321971960062E-16, 1.000000000000000000, 0.000000000000000000 ) ) ;
#2462 = DIRECTION ( 'NONE',  ( -0.000000000000000000, -0.000000000000000000, -1.000000000000000000 ) ) ;
#2463 = CYLINDRICAL_SURFACE ( 'NONE', #2009, 15.00000000000000000 ) ;
#2464 = EDGE_CURVE ( 'NONE', #808, #2363, #687, .T. ) ;
#2465 = ORIENTED_EDGE ( 'NONE', *, *, #183, .T. ) ;
#2466 = ORIENTED_EDGE ( 'NONE', *, *, #2003, .T. ) ;
#2467 = CARTESIAN_POINT ( 'NONE',  ( 91.70685139624987414, -49.68999999999995509, -49.99999999999997158 ) ) ;
#2468 = CARTESIAN_POINT ( 'NONE',  ( 91.70685139624985993, 5.310000000000037801, -4.999999999999972466 ) ) ;
#2469 = AXIS2_PLACEMENT_3D ( 'NONE', #290, #1463, #1479 ) ;
#2470 = CARTESIAN_POINT ( 'NONE',  ( 116.4999999999999858, -0.2099999999999513367, 10.00000000000000000 ) ) ;
#2471 = VERTEX_POINT ( 'NONE', #1666 ) ;
#2472 = EDGE_CURVE ( 'NONE', #275, #2041, #2329, .T. ) ;
#2473 = DIRECTION ( 'NONE',  ( 1.284980352575412946E-16, -1.000000000000000000, -0.000000000000000000 ) ) ;
#2474 = DIRECTION ( 'NONE',  ( -1.000000000000000000, 0.000000000000000000, -6.245004513516500018E-15 ) ) ;
#2475 = EDGE_LOOP ( 'NONE', ( #1988, #1442, #236, #1148 ) ) ;
#2476 = CARTESIAN_POINT ( 'NONE',  ( -17.50000000000000355, -10.30999999999999694, 0.000000000000000000 ) ) ;
#2477 = CYLINDRICAL_SURFACE ( 'NONE', #1936, 2.000000000000002220 ) ;
#2478 = CARTESIAN_POINT ( 'NONE',  ( 91.70685139624997362, 10.31000000000003780, -34.99999999999997868 ) ) ;
#2479 = DIRECTION ( 'NONE',  ( 1.302916513955365949E-16, -1.000000000000000000, 0.000000000000000000 ) ) ;
#2480 = VERTEX_POINT ( 'NONE', #1031 ) ;
#2481 = CARTESIAN_POINT ( 'NONE',  ( -117.4797516786608753, 10.31000000000000760, -55.43063027727456671 ) ) ;
#2482 = FACE_OUTER_BOUND ( 'NONE', #1113, .T. ) ;
#2483 = EDGE_CURVE ( 'NONE', #1599, #878, #2611, .T. ) ;
#2484 = ORIENTED_EDGE ( 'NONE', *, *, #2157, .F. ) ;
#2485 = DIRECTION ( 'NONE',  ( 0.000000000000000000, -0.7986355100472900537, 0.6018150231520519311 ) ) ;
#2486 = CIRCLE ( 'NONE', #1333, 10.00000000000003730 ) ;
#2487 = EDGE_LOOP ( 'NONE', ( #1042, #774, #523, #1911 ) ) ;
#2488 = CARTESIAN_POINT ( 'NONE',  ( 116.4999999999999858, -0.2099999999999513367, 10.00000000000000000 ) ) ;
#2489 = DIRECTION ( 'NONE',  ( -1.000000000000000000, -2.888894916580853079E-30, -8.326672684688674053E-15 ) ) ;
#2490 = VECTOR ( 'NONE', #2552, 1000.000000000000000 ) ;
#2491 = CARTESIAN_POINT ( 'NONE',  ( 91.70685139624987414, -5.309999999999980957, -49.99999999999997158 ) ) ;
#2492 = AXIS2_PLACEMENT_3D ( 'NONE', #887, #876, #2089 ) ;
#2493 = VERTEX_POINT ( 'NONE', #1457 ) ;
#2494 = EDGE_CURVE ( 'NONE', #1927, #1498, #1514, .T. ) ;
#2495 = DIRECTION ( 'NONE',  ( 1.000000000000000000, 1.284980352575412946E-16, 0.000000000000000000 ) ) ;
#2496 = CARTESIAN_POINT ( 'NONE',  ( -93.29314860374985585, -10.31000000000000583, -4.999999999999952927 ) ) ;
#2497 = ORIENTED_EDGE ( 'NONE', *, *, #2432, .F. ) ;
#2498 = LINE ( 'NONE', #898, #2178 ) ;
#2499 = EDGE_CURVE ( 'NONE', #331, #409, #635, .T. ) ;
#2500 = CARTESIAN_POINT ( 'NONE',  ( 112.9999999999999716, -44.68999999999996930, -49.99999999999996447 ) ) ;
#2501 = VERTEX_POINT ( 'NONE', #1678 ) ;
#2502 = DIRECTION ( 'NONE',  ( -7.106757310125201520E-17, 0.6018150231520522642, 0.7986355100472898316 ) ) ;
#2503 = CARTESIAN_POINT ( 'NONE',  ( -15.00000000000000711, -10.30999999999999694, 20.00000000000000000 ) ) ;
#2504 = CARTESIAN_POINT ( 'NONE',  ( 10.00000000000000888, -59.79104951678524316, 11.37945702417649940 ) ) ;
#2505 = VERTEX_POINT ( 'NONE', #1837 ) ;
#2506 = FACE_BOUND ( 'NONE', #2449, .T. ) ;
#2507 = DIRECTION ( 'NONE',  ( -1.302916513955365949E-16, 1.000000000000000000, -0.000000000000000000 ) ) ;
#2508 = CARTESIAN_POINT ( 'NONE',  ( -5.680897235645812793E-16, -38.72405564422632551, -3.367849476983094448 ) ) ;
#2509 = EDGE_CURVE ( 'NONE', #610, #1162, #1056, .T. ) ;
#2510 = CARTESIAN_POINT ( 'NONE',  ( -9.999999999999992895, -36.49545795981080687, 35.64719060195334777 ) ) ;
#2511 = VERTEX_POINT ( 'NONE', #2491 ) ;
#2512 = DIRECTION ( 'NONE',  ( 1.000000000000000000, 1.284980352575412946E-16, -1.218994875010730849E-16 ) ) ;
#2513 = LINE ( 'NONE', #1324, #2077 ) ;
#2514 = VERTEX_POINT ( 'NONE', #1693 ) ;
#2515 = LINE ( 'NONE', #2315, #832 ) ;
#2516 = CARTESIAN_POINT ( 'NONE',  ( 119.8273999999999972, -5.309999999999978293, -55.00000000000000000 ) ) ;
#2517 = DIRECTION ( 'NONE',  ( 1.000000000000000000, 1.734723475976800685E-16, 0.000000000000000000 ) ) ;
#2518 = DIRECTION ( 'NONE',  ( 1.302916513955365949E-16, -1.000000000000000000, 0.000000000000000000 ) ) ;
#2519 = DIRECTION ( 'NONE',  ( -1.284980352575412946E-16, 1.000000000000000000, 0.000000000000000000 ) ) ;
#2520 = ORIENTED_EDGE ( 'NONE', *, *, #269, .F. ) ;
#2521 = DIRECTION ( 'NONE',  ( -0.000000000000000000, -0.000000000000000000, -1.000000000000000000 ) ) ;
#2522 = AXIS2_PLACEMENT_3D ( 'NONE', #1708, #347, #2171 ) ;
#2523 = CIRCLE ( 'NONE', #205, 1.999999999999999334 ) ;
#2524 = VECTOR ( 'NONE', #1253, 1000.000000000000000 ) ;
#2525 = VERTEX_POINT ( 'NONE', #427 ) ;
#2526 = CIRCLE ( 'NONE', #2074, 2.999999999999999112 ) ;
#2527 = AXIS2_PLACEMENT_3D ( 'NONE', #1164, #1978, #2378 ) ;
#2528 = EDGE_CURVE ( 'NONE', #2471, #331, #297, .T. ) ;
#2529 = VECTOR ( 'NONE', #467, 1000.000000000000000 ) ;
#2530 = CYLINDRICAL_SURFACE ( 'NONE', #2287, 2.000000000000003109 ) ;
#2531 = CARTESIAN_POINT ( 'NONE',  ( -93.29314860375001217, -10.31000000000000583, -24.99999999999995381 ) ) ;
#2532 = LINE ( 'NONE', #2368, #1997 ) ;
#2533 = ORIENTED_EDGE ( 'NONE', *, *, #2432, .T. ) ;
#2534 = CARTESIAN_POINT ( 'NONE',  ( -17.50000000000000355, -10.30999999999999694, 20.00000000000000000 ) ) ;
#2535 = EDGE_CURVE ( 'NONE', #745, #1651, #1810, .T. ) ;
#2536 = PLANE ( 'NONE',  #706 ) ;
#2537 = ORIENTED_EDGE ( 'NONE', *, *, #1235, .F. ) ;
#2538 =( BOUNDED_CURVE ( )  B_SPLINE_CURVE ( 3, ( #1904, #845, #1476, #2317 ),
 .UNSPECIFIED., .F., .F. ) 
 B_SPLINE_CURVE_WITH_KNOTS ( ( 4, 4 ),
 ( 3.141592653589793116, 6.283185307179586232 ),
 .UNSPECIFIED. ) 
 CURVE ( )  GEOMETRIC_REPRESENTATION_ITEM ( )  RATIONAL_B_SPLINE_CURVE ( ( 1.000000000000000000, 0.3333333333333333703, 0.3333333333333333703, 1.000000000000000000 ) ) 
 REPRESENTATION_ITEM ( '' )  );
#2539 = DIRECTION ( 'NONE',  ( -1.000000000000000000, 0.000000000000000000, 0.000000000000000000 ) ) ;
#2540 = VERTEX_POINT ( 'NONE', #2076 ) ;
#2541 = LINE ( 'NONE', #1511, #202 ) ;
#2542 = CARTESIAN_POINT ( 'NONE',  ( 119.8274111699999764, 10.31000000000004135, 20.00000000000000000 ) ) ;
#2543 = DIRECTION ( 'NONE',  ( 0.000000000000000000, -0.7986355100472899426, 0.6018150231520521531 ) ) ;
#2544 = ORIENTED_EDGE ( 'NONE', *, *, #1912, .T. ) ;
#2545 = CARTESIAN_POINT ( 'NONE',  ( -14.99999999999999822, -27.65369953695893557, 54.02716089550737166 ) ) ;
#2546 = LINE ( 'NONE', #2357, #1350 ) ;
#2547 = ADVANCED_FACE ( 'NONE', ( #822 ), #253, .T. ) ;
#2548 = ORIENTED_EDGE ( 'NONE', *, *, #788, .T. ) ;
#2549 = DIRECTION ( 'NONE',  ( -1.000000000000000000, 0.000000000000000000, 8.326672684688674053E-15 ) ) ;
#2550 = ORIENTED_EDGE ( 'NONE', *, *, #2382, .F. ) ;
#2551 = DIRECTION ( 'NONE',  ( -1.000000000000000000, -8.673617379884034239E-17, 0.000000000000000000 ) ) ;
#2552 = DIRECTION ( 'NONE',  ( -0.000000000000000000, -0.000000000000000000, 1.000000000000000000 ) ) ;
#2553 = CARTESIAN_POINT ( 'NONE',  ( 112.9999999999999858, 5.310000000000040465, -60.00000000000000000 ) ) ;
#2554 = EDGE_CURVE ( 'NONE', #1770, #451, #1302, .T. ) ;
#2555 = ORIENTED_EDGE ( 'NONE', *, *, #1507, .F. ) ;
#2556 = FACE_OUTER_BOUND ( 'NONE', #10, .T. ) ;
#2557 = LINE ( 'NONE', #128, #91 ) ;
#2558 = FACE_OUTER_BOUND ( 'NONE', #1855, .T. ) ;
#2559 = ORIENTED_EDGE ( 'NONE', *, *, #2472, .T. ) ;
#2560 = LINE ( 'NONE', #1327, #2205 ) ;
#2561 = AXIS2_PLACEMENT_3D ( 'NONE', #1533, #951, #2364 ) ;
#2562 = DIRECTION ( 'NONE',  ( -1.000000000000000000, -1.302916513955365949E-16, 1.218994875010730849E-16 ) ) ;
#2563 = ORIENTED_EDGE ( 'NONE', *, *, #722, .T. ) ;
#2564 = DIRECTION ( 'NONE',  ( 0.000000000000000000, 0.000000000000000000, 1.000000000000000000 ) ) ;
#2565 = AXIS2_PLACEMENT_3D ( 'NONE', #649, #59, #828 ) ;
#2566 = ADVANCED_FACE ( 'NONE', ( #285, #2149 ), #2358, .F. ) ;
#2567 = FACE_BOUND ( 'NONE', #2295, .T. ) ;
#2568 = AXIS2_PLACEMENT_3D ( 'NONE', #2061, #5, #1696 ) ;
#2569 = CARTESIAN_POINT ( 'NONE',  ( 123.0000000000000000, -0.2099999999999513367, 10.00000000000000000 ) ) ;
#2570 = VERTEX_POINT ( 'NONE', #2129 ) ;
#2571 = CARTESIAN_POINT ( 'NONE',  ( 17.49999999999999645, -10.31000000000000938, 0.000000000000000000 ) ) ;
#2572 = ADVANCED_FACE ( 'NONE', ( #2558 ), #1929, .T. ) ;
#2573 = ORIENTED_EDGE ( 'NONE', *, *, #1310, .T. ) ;
#2574 = DIRECTION ( 'NONE',  ( 1.000000000000000000, 0.000000000000000000, 0.000000000000000000 ) ) ;
#2575 = ORIENTED_EDGE ( 'NONE', *, *, #228, .T. ) ;
#2576 = DIRECTION ( 'NONE',  ( 1.218994875010730849E-16, 1.588248553078438405E-32, 1.000000000000000000 ) ) ;
#2577 = ADVANCED_FACE ( 'NONE', ( #1519, #1946 ), #2536, .F. ) ;
#2578 = LINE ( 'NONE', #1363, #916 ) ;
#2579 = DIRECTION ( 'NONE',  ( 5.675708749154146716E-17, 0.000000000000000000, -1.000000000000000000 ) ) ;
#2580 = CARTESIAN_POINT ( 'NONE',  ( 118.4071814863843883, 9.451341758290631390, -58.43418996097930318 ) ) ;
#2581 = CIRCLE ( 'NONE', #307, 20.00000000000000355 ) ;
#2582 = CARTESIAN_POINT ( 'NONE',  ( -113.2931486037500122, -10.31000000000000760, -25.00000000000004974 ) ) ;
#2583 = ORIENTED_EDGE ( 'NONE', *, *, #1490, .F. ) ;
#2584 = CARTESIAN_POINT ( 'NONE',  ( -93.29314860375002638, 10.31000000000001293, -24.99999999999995381 ) ) ;
#2585 = ORIENTED_EDGE ( 'NONE', *, *, #2483, .F. ) ;
#2586 = FACE_OUTER_BOUND ( 'NONE', #505, .T. ) ;
#2587 = ORIENTED_EDGE ( 'NONE', *, *, #1016, .F. ) ;
#2588 = DIRECTION ( 'NONE',  ( -0.000000000000000000, -0.000000000000000000, 1.000000000000000000 ) ) ;
#2589 = DIRECTION ( 'NONE',  ( 1.000000000000000000, 1.734723475976806848E-16, 0.000000000000000000 ) ) ;
#2590 = DIRECTION ( 'NONE',  ( -8.326672684688678786E-15, 0.000000000000000000, 1.000000000000000000 ) ) ;
#2591 = CARTESIAN_POINT ( 'NONE',  ( 114.0058946139775315, 6.098920817601007904, -59.96358297561597794 ) ) ;
#2592 = CARTESIAN_POINT ( 'NONE',  ( -113.5968004499646753, 5.520801133328751220, -60.00000000000000000 ) ) ;
#2593 = ORIENTED_EDGE ( 'NONE', *, *, #502, .F. ) ;
#2594 = DIRECTION ( 'NONE',  ( -0.000000000000000000, -0.000000000000000000, -1.000000000000000000 ) ) ;
#2595 = ADVANCED_FACE ( 'NONE', ( #1341 ), #1386, .T. ) ;
#2596 = ORIENTED_EDGE ( 'NONE', *, *, #569, .T. ) ;
#2597 = VERTEX_POINT ( 'NONE', #1714 ) ;
#2598 = LINE ( 'NONE', #334, #81 ) ;
#2599 = VERTEX_POINT ( 'NONE', #538 ) ;
#2600 = CARTESIAN_POINT ( 'NONE',  ( 91.70685139624998783, -49.68999999999995509, -24.99999999999997513 ) ) ;
#2601 = ADVANCED_FACE ( 'NONE', ( #918, #1120 ), #715, .F. ) ;
#2602 = CIRCLE ( 'NONE', #1509, 4.999999999999976907 ) ;
#2603 = CARTESIAN_POINT ( 'NONE',  ( -113.0000000000000000, -5.310000000000009379, -50.00000000000001421 ) ) ;
#2604 = DIRECTION ( 'NONE',  ( 0.000000000000000000, 0.000000000000000000, 1.000000000000000000 ) ) ;
#2605 = TOROIDAL_SURFACE ( 'NONE', #1427, 20.00000000000000000, 5.000000000000000000 ) ;
#2606 = AXIS2_PLACEMENT_3D ( 'NONE', #371, #1177, #2417 ) ;
#2607 = CYLINDRICAL_SURFACE ( 'NONE', #1213, 3.000000000000002665 ) ;
#2608 =( BOUNDED_CURVE ( )  B_SPLINE_CURVE ( 3, ( #1989, #2438, #11, #1834 ),
 .UNSPECIFIED., .F., .T. ) 
 B_SPLINE_CURVE_WITH_KNOTS ( ( 4, 4 ),
 ( 3.858979571207533864E-16, 3.141592653589793116 ),
 .UNSPECIFIED. ) 
 CURVE ( )  GEOMETRIC_REPRESENTATION_ITEM ( )  RATIONAL_B_SPLINE_CURVE ( ( 1.000000000000000000, 0.3333333333333335369, 0.3333333333333335369, 1.000000000000000000 ) ) 
 REPRESENTATION_ITEM ( '' )  );
#2609 = AXIS2_PLACEMENT_3D ( 'NONE', #2063, #1274, #1889 ) ;
#2610 = VECTOR ( 'NONE', #173, 1000.000000000000000 ) ;
#2611 = CIRCLE ( 'NONE', #1008, 2.999999999999999112 ) ;
#2612 = CARTESIAN_POINT ( 'NONE',  ( -118.5089386986253146, 7.002067508489810521, -58.35211839998265049 ) ) ;
#2613 = ORIENTED_EDGE ( 'NONE', *, *, #548, .F. ) ;
#2614 = CARTESIAN_POINT ( 'NONE',  ( 14.99999999999999822, -44.68999999999996930, 38.05445069456157370 ) ) ;
#2615 = EDGE_LOOP ( 'NONE', ( #2239, #1634, #171, #1990, #1251, #1608, #425, #796, #1018, #970, #2119, #1389, #1763 ) ) ;
#2616 = ORIENTED_EDGE ( 'NONE', *, *, #1629, .F. ) ;
#2617 = EDGE_CURVE ( 'NONE', #1673, #2004, #2513, .T. ) ;
ENDSEC;
END-ISO-10303-21;
